1403638127505096960,0.00126,-0.00155,-0.00140,0.54745,-0.01479,-0.83671,0.00103,
1403638127760097024,-0.00025,0.00037,-0.00117,0.54507,-0.01215,-0.83830,-0.00157,
140363812850096896,-0.00014,0.00037,-0.00073,0.54596,-0.01049,-0.83774,-0.00124,
1403638128305096960,0.00068,0.00096,-0.00237,0.54680,-0.01081,-0.83719,-0.00092,
1403638128555097088,0.00053,0.00018,0.00040,0.54612,-0.01113,-0.83763,-0.00089,
1403638128810096896,-0.00196,0.00383,-0.00195,0.54504,-0.01149,-0.83833,-0.00182,
1403638129100097024,0.00268,-0.00358,0.00184,0.54527,-0.00797,-0.83820,-0.00555,
1403638129355097088,0.00423,-0.00476,0.01622,0.57333,-0.04118,-0.81781,0.02797,
1403638129610096896,0.00567,-0.01046,0.03293,0.55033,-0.02375,-0.83438,0.01941,
1403638129900097024,0.00518,-0.01716,0.07587,0.54228,-0.00879,-0.84006,0.01189,
140363813065096960,0.00402,-0.01964,0.12995,0.55373,-0.01169,-0.83241,0.01867,
1403638130255097088,0.00277,-0.02359,0.20316,0.56098,-0.00762,-0.82729,0.02896,
1403638130365096960,-0.00569,-0.00145,0.26034,0.57151,-0.01606,-0.81941,0.04112,
1403638130475097088,-0.01127,0.00201,0.30557,0.57402,-0.01496,-0.81728,0.04824,
1403638130595097088,-0.01674,0.00238,0.35695,0.57121,-0.00301,-0.81981,0.04020,
1403638130740097024,-0.01824,0.00010,0.41068,0.58556,-0.01514,-0.80886,0.05138,
1403638130880097024,-0.01504,-0.01301,0.45234,0.58996,-0.02218,-0.80437,0.06662,
140363813150096896,-0.01170,-0.02135,0.47010,0.61098,-0.03275,-0.78827,0.06526,
1403638131200097024,-0.00568,-0.02179,0.44162,0.60218,-0.02244,-0.79625,0.05357,
1403638131320097024,-0.00472,-0.01246,0.40993,0.58676,-0.00789,-0.80861,0.04245,
1403638131445096960,-0.00338,-0.01670,0.36605,0.58646,-0.00932,-0.80893,0.04013,
1403638131705096960,-0.00361,-0.01527,0.25311,0.57935,-0.00153,-0.81461,0.02779,
1403638131885096960,0.00319,-0.01819,0.18125,0.57698,0.00620,-0.81663,0.01282,
140363813255097088,0.01047,-0.02810,0.13316,0.56928,0.02222,-0.82184,0.00023,
1403638132245096960,0.00306,-0.02222,0.16502,0.56900,0.03164,-0.82172,0.00207,
1403638132495097088,-0.00194,-0.01677,0.29687,0.59329,0.01135,-0.80386,0.04111,
1403638132710096896,-0.01264,-0.01637,0.40339,0.60818,-0.00610,-0.79096,0.06688,
1403638132905096960,-0.02826,-0.01287,0.44096,0.61265,-0.01672,-0.78654,0.07566,
140363813325096960,-0.02336,-0.01718,0.42581,0.61880,-0.01257,-0.78130,0.08065,
1403638133135097088,-0.01119,-0.01581,0.40260,0.61145,0.00032,-0.78832,0.06843,
1403638133315097088,0.03873,-0.01338,0.35993,0.60793,-0.01201,-0.79282,0.04138,
1403638133420097024,0.08135,-0.02301,0.32964,0.60015,-0.02026,-0.79932,0.02216,
1403638133570096896,0.14463,-0.03341,0.31300,0.59582,-0.04948,-0.80159,0.00164,
1403638133715097088,0.20808,-0.06179,0.28564,0.58668,-0.07520,-0.80632,-0.00284,
1403638133850096896,0.24990,-0.07607,0.26319,0.58075,-0.09045,-0.80866,-0.02493,
140363813410096896,0.26968,-0.07358,0.24140,0.57878,-0.09973,-0.80847,-0.03802,
1403638134190096896,0.23912,-0.03096,0.24005,0.57341,-0.08829,-0.81336,-0.04309,
1403638134360097024,0.18918,0.03348,0.24243,0.58485,-0.09940,-0.80431,-0.03388,
1403638134555097088,0.10891,0.09168,0.24795,0.58260,-0.10830,-0.80531,-0.01789,
1403638134785096960,-0.00562,0.13471,0.26096,0.57050,-0.10460,-0.81459,-0.00669,
1403638134950096896,-0.06776,0.15127,0.28004,0.57078,-0.10063,-0.81486,-0.00962,
1403638135145096960,-0.12521,0.16384,0.27831,0.56497,-0.08948,-0.82013,-0.01380,
1403638135260097024,-0.13017,0.16010,0.26261,0.55959,-0.08443,-0.82429,-0.01654,
1403638135460097024,-0.10461,0.13970,0.24420,0.56189,-0.08623,-0.82223,-0.02805,
1403638135695097088,-0.02866,0.10195,0.23510,0.55762,-0.09604,-0.82335,-0.04395,
1403638135855097088,0.03221,0.07443,0.22847,0.55773,-0.10763,-0.82176,-0.04551,
1403638136100097024,0.10855,0.01836,0.24886,0.55430,-0.10688,-0.82229,-0.07185,
1403638136350096896,0.21335,-0.04691,0.26170,0.56659,-0.12561,-0.81015,-0.08280,
1403638136505096960,0.25242,-0.07877,0.26352,0.55873,-0.12898,-0.81419,-0.09101,
1403638136765096960,0.20618,-0.07779,0.28414,0.56228,-0.13800,-0.81299,-0.06193,
1403638136935097088,0.14207,-0.05496,0.30445,0.58275,-0.13974,-0.80024,-0.02228,
1403638137120097024,0.07178,-0.03214,0.26317,0.58912,-0.13276,-0.79704,-0.00696,
1403638137280097024,0.01659,-0.01963,0.19970,0.57284,-0.11059,-0.81207,-0.01267,
1403638137375097088,-0.00277,-0.01402,0.16154,0.56649,-0.10360,-0.81742,-0.01342,
1403638137520097024,-0.02369,-0.01488,0.10464,0.55054,-0.09152,-0.82929,-0.02844,
1403638137725096960,-0.04175,-0.00418,0.05266,0.54062,-0.08484,-0.83543,-0.05091,
1403638137945096960,-0.05202,-0.00543,0.03009,0.52207,-0.08237,-0.84668,-0.06157,
140363813870096896,-0.05356,-0.00509,0.02306,0.51410,-0.07547,-0.85193,-0.06499,
1403638138275097088,-0.05338,-0.00349,0.01837,0.53233,-0.08725,-0.83991,-0.05974,
1403638138460097024,-0.05498,-0.00258,0.01771,0.54098,-0.08628,-0.83430,-0.06203,
1403638138750096896,-0.05690,0.00293,0.01651,0.54101,-0.08693,-0.83425,-0.06152,
1403638138920097024,-0.05809,0.00583,0.01657,0.54103,-0.08755,-0.83421,-0.06091,
1403638139100097024,-0.05853,0.00765,0.01703,0.54070,-0.08740,-0.83443,-0.06109,
1403638139310096896,-0.05475,-0.00057,0.01823,0.54068,-0.08717,-0.83446,-0.06121,
1403638139510096896,-0.05413,-0.00039,0.01864,0.54054,-0.08724,-0.83454,-0.06118,
1403638139670096896,-0.05408,0.00028,0.01890,0.54054,-0.08740,-0.83455,-0.06091,
1403638139955097088,-0.05402,0.00363,0.01960,0.54041,-0.08748,-0.83462,-0.06094,
1403638140200097024,-0.05303,0.00282,0.02017,0.54032,-0.08747,-0.83469,-0.06073,
1403638140405096960,-0.05214,-0.00236,0.01967,0.54067,-0.08741,-0.83449,-0.06053,
1403638140595097088,-0.05174,-0.00268,0.01958,0.54070,-0.08748,-0.83447,-0.06044,
1403638140720097024,-0.05149,-0.00263,0.01970,0.54072,-0.08743,-0.83447,-0.06040,
1403638140860097024,-0.05120,-0.00320,0.01976,0.54073,-0.08746,-0.83445,-0.06039,
140363814125096960,-0.05070,-0.00261,0.02021,0.54068,-0.08745,-0.83448,-0.06042,
1403638141210096896,-0.05060,-0.00338,0.02022,0.54075,-0.08739,-0.83445,-0.06032,
1403638141400097024,-0.05073,-0.00520,0.01976,0.54086,-0.08737,-0.83439,-0.06026,
1403638141565096960,-0.05047,-0.00502,0.01991,0.54080,-0.08729,-0.83444,-0.06022,
1403638141725096960,-0.05017,-0.00431,0.02009,0.54079,-0.08737,-0.83444,-0.06015,
1403638141955097088,-0.05027,-0.00506,0.01990,0.54081,-0.08714,-0.83446,-0.06003,
1403638142115097088,-0.04999,-0.00510,0.01963,0.54085,-0.08727,-0.83441,-0.06017,
1403638142255097088,-0.04953,-0.00538,0.01932,0.54078,-0.08766,-0.83439,-0.06055,
1403638142425096960,-0.04903,-0.00573,0.01899,0.54086,-0.08737,-0.83439,-0.06030,
1403638142600097024,-0.04855,-0.00699,0.01828,0.54087,-0.08699,-0.83447,-0.05959,
1403638142800097024,-0.04792,-0.00984,0.01712,0.54091,-0.08717,-0.83440,-0.05995,
1403638142955097088,-0.04993,-0.01245,0.01864,0.54117,-0.08699,-0.83425,-0.06002,
1403638143250096896,-0.04876,-0.01403,0.01920,0.54118,-0.08692,-0.83425,-0.05996,
1403638143430096896,-0.05111,-0.01284,0.01891,0.54120,-0.08707,-0.83419,-0.06044,
1403638143615097088,-0.05088,-0.01268,0.01922,0.54111,-0.08709,-0.83425,-0.06037,
1403638143765096960,-0.05079,-0.01271,0.01958,0.54112,-0.08708,-0.83426,-0.06019,
1403638143955097088,-0.05042,-0.01291,0.02020,0.54109,-0.08713,-0.83427,-0.06020,
140363814475097088,-0.05017,-0.01286,0.02062,0.54101,-0.08712,-0.83433,-0.06010,
1403638144250096896,-0.05074,-0.01134,0.02029,0.54102,-0.08717,-0.83431,-0.06019,
1403638144400097024,-0.05068,-0.01065,0.02045,0.54099,-0.08715,-0.83433,-0.06018,
1403638144525096960,-0.05061,-0.01003,0.02031,0.54098,-0.08714,-0.83434,-0.06016,
1403638144675097088,-0.05038,-0.00964,0.02030,0.54091,-0.08729,-0.83437,-0.06018,
1403638144900097024,-0.04973,-0.01037,0.02021,0.54099,-0.08725,-0.83433,-0.06012,
1403638145100097024,-0.04861,-0.01074,0.02011,0.54092,-0.08722,-0.83438,-0.06009,
1403638145265096960,-0.04892,-0.01051,0.02056,0.54098,-0.08715,-0.83435,-0.06008,
1403638145455097088,-0.04883,-0.01107,0.02141,0.54101,-0.08708,-0.83433,-0.06012,
1403638145620097024,-0.04878,-0.01184,0.02177,0.54095,-0.08715,-0.83437,-0.06002,
1403638145775097088,-0.04898,-0.01256,0.02137,0.54093,-0.08716,-0.83438,-0.06007,
1403638145970096896,-0.04908,-0.01282,0.02044,0.54097,-0.08723,-0.83435,-0.06009,
1403638146170096896,-0.05014,-0.01352,0.01944,0.54114,-0.08715,-0.83423,-0.06025,
1403638146305096960,-0.05051,-0.01375,0.01905,0.54114,-0.08704,-0.83424,-0.06032,
1403638146425096960,-0.05015,-0.01433,0.01839,0.54109,-0.08708,-0.83427,-0.06028,
1403638146555097088,-0.05000,-0.01414,0.01842,0.54114,-0.08708,-0.83423,-0.06032,
1403638146755097088,-0.05041,-0.01448,0.01813,0.54129,-0.08700,-0.83415,-0.06027,
1403638146905096960,-0.05072,-0.01681,0.01705,0.54131,-0.08699,-0.83413,-0.06033,
1403638147100097024,-0.05151,-0.01713,0.01774,0.54102,-0.08696,-0.83433,-0.06020,
1403638147205096960,-0.05110,-0.01666,0.02019,0.54085,-0.08684,-0.83445,-0.06029,
1403638147405096960,-0.05040,-0.01500,0.02258,0.54127,-0.08684,-0.83419,-0.06010,
1403638147525096960,-0.05076,-0.01670,0.02334,0.54178,-0.08657,-0.83389,-0.06013,
1403638147725096960,-0.05283,-0.01244,0.02339,0.54279,-0.08547,-0.83342,-0.05912,
1403638147950096896,-0.05026,0.00056,0.03109,0.56155,-0.08990,-0.82003,-0.06426,
140363814875097088,-0.04710,0.01055,0.05016,0.57133,-0.09023,-0.81315,-0.06504,
1403638148205096960,-0.04372,0.02168,0.08639,0.57633,-0.08631,-0.80998,-0.06578,
1403638148350096896,-0.03766,0.03546,0.15071,0.57833,-0.08217,-0.80920,-0.06304,
1403638148495097088,-0.03896,0.04850,0.20767,0.57299,-0.07818,-0.81349,-0.06170,
1403638148580097024,-0.03759,0.05684,0.22012,0.56822,-0.07651,-0.81702,-0.06123,
1403638148705096960,-0.03699,0.07016,0.21213,0.56197,-0.07393,-0.82167,-0.05983,
1403638148850096896,-0.03860,0.10318,0.20249,0.55772,-0.07230,-0.82493,-0.05658,
1403638149155097088,-0.04410,0.16618,0.28091,0.56780,-0.06759,-0.81854,-0.05494,
1403638149400097024,-0.05546,0.22539,0.36122,0.57302,-0.06879,-0.81499,-0.05199,
1403638149610096896,-0.06708,0.27571,0.40287,0.57454,-0.06602,-0.81406,-0.05336,
1403638149800097024,-0.08002,0.32031,0.41900,0.57495,-0.05575,-0.81493,-0.04708,
140363815045096960,-0.10060,0.38177,0.41755,0.57471,-0.04499,-0.81580,-0.04641,
1403638150170096896,-0.11561,0.40253,0.40710,0.57354,-0.03690,-0.81656,-0.05408,
1403638150340097024,-0.15706,0.43905,0.38110,0.56990,-0.03238,-0.81893,-0.05929,
1403638150430096896,-0.17831,0.46562,0.36529,0.56267,-0.03381,-0.82438,-0.05155,
1403638150700097024,-0.26132,0.54314,0.35632,0.55404,-0.02424,-0.83166,-0.02816,
1403638150900097024,-0.33766,0.62400,0.38045,0.55986,-0.00740,-0.82831,-0.02021,
140363815185096960,-0.40177,0.71196,0.39888,0.56838,0.01198,-0.82261,-0.01117,
1403638151205096960,-0.46046,0.77395,0.39787,0.57061,0.03312,-0.82055,-0.00050,
1403638151350096896,-0.52797,0.84188,0.38617,0.56803,0.06187,-0.82042,0.02039,
1403638151450096896,-0.57849,0.89128,0.38649,0.56662,0.08122,-0.81910,0.03777,
1403638151560097024,-0.63338,0.94645,0.39350,0.56541,0.10131,-0.81683,0.05338,
1403638151715097088,-0.71514,1.00844,0.40597,0.56407,0.12241,-0.81386,0.06690,
1403638151945096960,-0.84733,1.11389,0.45736,0.56080,0.13618,-0.81327,0.07455,
140363815280097024,-0.93775,1.18356,0.49482,0.55989,0.13831,-0.81350,0.07490,
1403638152260097024,-1.05641,1.26803,0.51685,0.56010,0.14061,-0.81325,0.07166,
1403638152400097024,-1.15256,1.33011,0.52462,0.56074,0.14180,-0.81303,0.06663,
1403638152525096960,-1.25090,1.39151,0.52412,0.56038,0.14217,-0.81354,0.06256,
1403638152650096896,-1.34431,1.43727,0.51565,0.55878,0.13997,-0.81482,0.06518,
1403638152825096960,-1.49422,1.51493,0.50487,0.55848,0.14420,-0.81314,0.07822,
140363815350096896,-1.70294,1.62870,0.53808,0.55820,0.16630,-0.80647,0.10176,
1403638153205096960,-1.83638,1.69795,0.56433,0.54922,0.18177,-0.80820,0.11015,
1403638153335097088,-1.94208,1.75366,0.58081,0.54556,0.19287,-0.80732,0.11576,
1403638153420097024,-2.02124,1.79350,0.59168,0.54340,0.20245,-0.80566,0.12102,
1403638153515097088,-2.10078,1.82322,0.60122,0.54164,0.21959,-0.80222,0.12186,
1403638153675097088,-2.23902,1.89164,0.63672,0.53788,0.24795,-0.79492,0.13157,
1403638153820097024,-2.40689,1.97950,0.66745,0.53676,0.26719,-0.78621,0.14958,
1403638153960097024,-2.54656,2.03802,0.68314,0.53907,0.27699,-0.77831,0.16403,
140363815485096960,-2.67188,2.09100,0.67932,0.54144,0.28069,-0.77362,0.17198,
1403638154260097024,-2.87143,2.17777,0.68321,0.55100,0.28324,-0.76510,0.17551,
1403638154450096896,-3.10319,2.26562,0.66778,0.56323,0.27961,-0.75651,0.17969,
1403638154650096896,-3.31513,2.32072,0.65186,0.56003,0.27979,-0.75775,0.18412,
1403638154805096960,-3.50518,2.35967,0.65709,0.54931,0.29338,-0.76023,0.18505,
14036381555096960,-3.68325,2.37153,0.68539,0.54441,0.31116,-0.75591,0.18816,
1403638155175097088,-3.85759,2.35923,0.72824,0.54320,0.32638,-0.74716,0.20040,
1403638155375097088,-4.05899,2.33552,0.75232,0.54870,0.33809,-0.73429,0.21319,
1403638155580097024,-4.29460,2.30851,0.75314,0.54618,0.35588,-0.72235,0.23076,
1403638155705096960,-4.42223,2.27844,0.74211,0.54234,0.36655,-0.71231,0.25322,
1403638155855097088,-4.59921,2.23483,0.71633,0.53060,0.38724,-0.70179,0.27568,
1403638156110096896,-4.79659,2.11844,0.69179,0.48580,0.44105,-0.69135,0.30252,
1403638156315097088,-4.93947,2.02724,0.70653,0.45995,0.47323,-0.67785,0.32408,
1403638156580097024,-5.18893,1.92888,0.71314,0.44104,0.49352,-0.67006,0.33606,
1403638156855097088,-5.41892,1.84303,0.67746,0.43950,0.49681,-0.66862,0.33609,
14036381575096960,-5.55743,1.80416,0.65929,0.44055,0.49497,-0.67055,0.33360,
1403638157120097024,-5.65273,1.78499,0.65197,0.43846,0.49380,-0.67426,0.33059,
1403638157250096896,-5.78581,1.77513,0.64661,0.43665,0.49254,-0.67769,0.32783,
1403638157475097088,-6.05129,1.73407,0.66417,0.44479,0.49812,-0.66824,0.32788,
1403638157580097024,-6.19126,1.71347,0.66916,0.44794,0.50303,-0.65957,0.33357,
1403638157680097024,-6.29160,1.70982,0.67325,0.45098,0.51146,-0.64721,0.34080,
1403638157810096896,-6.44470,1.69918,0.66974,0.44786,0.52819,-0.62949,0.35238,
1403638157970096896,-6.68698,1.67243,0.69981,0.43452,0.54831,-0.61057,0.37114,
1403638158160097024,-6.86858,1.66112,0.72400,0.41442,0.56252,-0.60005,0.38957,
1403638158320097024,-7.07884,1.63847,0.73341,0.40822,0.56910,-0.59407,0.39567,
1403638158505096960,-7.27208,1.62679,0.73189,0.41318,0.57450,-0.58717,0.39302,
1403638158720097024,-7.48676,1.59956,0.71453,0.41732,0.57304,-0.58568,0.39300,
1403638158910096896,-7.68094,1.57166,0.70787,0.40616,0.56993,-0.59627,0.39331,
140363815960097024,-7.87265,1.54927,0.72611,0.39687,0.57144,-0.60493,0.38730,
1403638159205096960,-8.03650,1.55087,0.75161,0.38344,0.57808,-0.61484,0.37519,
1403638159325096960,-8.17426,1.54516,0.76654,0.38846,0.57297,-0.61300,0.38083,
1403638159430096896,-8.31258,1.53781,0.77594,0.40267,0.56199,-0.60431,0.39602,
1403638159525096960,-8.40079,1.53147,0.78388,0.41360,0.54854,-0.59689,0.41445,
1403638159680097024,-8.64738,1.53100,0.81611,0.41389,0.52980,-0.59498,0.44046,
1403638159765096960,-8.74479,1.53528,0.84682,0.41259,0.52619,-0.59537,0.44545,
1403638159905096960,-8.87617,1.57556,0.90141,0.42421,0.53318,-0.58733,0.43682,
1403638160100097024,-8.96065,1.64804,1.00165,0.43106,0.54698,-0.58172,0.42024,
1403638160180097024,-9.02934,1.67293,1.05300,0.42599,0.55311,-0.58514,0.41257,
1403638160360097024,-9.10930,1.72883,1.18004,0.40877,0.56844,-0.59572,0.39357,
1403638160470096896,-9.19406,1.76437,1.26768,0.40378,0.57139,-0.59893,0.38956,
1403638160625096960,-9.29606,1.81948,1.36742,0.40120,0.57209,-0.60073,0.38843,
1403638160805096960,-9.44086,1.89386,1.47155,0.40420,0.56368,-0.59986,0.39883,
1403638160970096896,-9.55477,1.95460,1.56106,0.42070,0.53846,-0.60299,0.41166,
1403638161250096896,-9.76494,2.10390,1.70839,0.44618,0.50277,-0.63281,0.38431,
1403638161420097024,-9.84996,2.19319,1.77564,0.45517,0.48102,-0.65947,0.35572,
1403638161650096896,-9.96964,2.31574,1.86655,0.45579,0.46558,-0.68243,0.33134,
1403638161765096960,-10.01100,2.38026,1.89735,0.45675,0.45708,-0.68736,0.33167,
1403638161970096896,-10.07912,2.51025,1.93546,0.47016,0.44024,-0.69113,0.32785,
1403638162100097024,-10.12657,2.59141,1.96055,0.47352,0.43322,-0.69536,0.32337,
1403638162400097024,-10.24973,2.81134,2.04795,0.46641,0.42239,-0.70647,0.32395,
1403638162610096896,-10.33179,2.98837,2.09143,0.47201,0.42461,-0.70304,0.32039,
1403638162900097024,-10.40611,3.24820,2.20086,0.47208,0.42264,-0.70610,0.31615,
140363816320097024,-10.44912,3.36986,2.25156,0.48038,0.41174,-0.70426,0.32205,
1403638163270096896,-10.52221,3.63910,2.31751,0.49411,0.39439,-0.71063,0.30872,
1403638163455097088,-10.54667,3.84156,2.33030,0.50697,0.37693,-0.72071,0.28545,
1403638163625096960,-10.55620,4.02417,2.34841,0.51194,0.36251,-0.72950,0.27265,
1403638163775097088,-10.56979,4.19397,2.39077,0.51551,0.35644,-0.73206,0.26699,
1403638163975097088,-10.54476,4.37684,2.44431,0.51343,0.35066,-0.73520,0.27001,
1403638164155097088,-10.52821,4.55823,2.52745,0.50877,0.34720,-0.73711,0.27798,
1403638164250096896,-10.51988,4.66381,2.57803,0.50929,0.34613,-0.73581,0.28178,
1403638164375097088,-10.51829,4.81912,2.64147,0.51008,0.34558,-0.73384,0.28613,
1403638164515097088,-10.48659,4.96209,2.68405,0.50875,0.34554,-0.73338,0.28970,
1403638164615097088,-10.45389,5.06447,2.71025,0.50722,0.34350,-0.73416,0.29281,
1403638164765096960,-10.39408,5.22108,2.73825,0.51347,0.33984,-0.73516,0.28354,
1403638164860097024,-10.34915,5.31674,2.75108,0.52595,0.34332,-0.73008,0.26925,
140363816597024,-10.28407,5.48310,2.77467,0.53679,0.34050,-0.72629,0.26158,
1403638165165096960,-10.19626,5.70042,2.79755,0.53606,0.32168,-0.73319,0.26758,
1403638165295097088,-10.11240,5.81062,2.79182,0.52273,0.31868,-0.74730,0.25834,
1403638165420097024,-10.02901,5.92512,2.78308,0.51708,0.31172,-0.75445,0.25740,
1403638165550096896,-9.94665,6.03702,2.76249,0.53048,0.30764,-0.74756,0.25515,
1403638165720097024,-9.82071,6.23629,2.74019,0.55381,0.30563,-0.73243,0.25185,
1403638165900097024,-9.66525,6.40082,2.69354,0.54823,0.31138,-0.73715,0.24309,
140363816635097088,-9.54542,6.50344,2.66661,0.53456,0.31644,-0.74687,0.23726,
1403638166200097024,-9.39412,6.62872,2.66651,0.52705,0.32598,-0.75093,0.22816,
1403638166410096896,-9.21658,6.78177,2.73627,0.52600,0.33355,-0.74927,0.22509,
1403638166655097088,-9.01585,6.95851,2.85511,0.52384,0.33601,-0.74882,0.22796,
1403638166795097088,-8.92220,7.05167,2.89878,0.51548,0.33126,-0.75374,0.23754,
1403638166875097088,-8.86884,7.10132,2.91499,0.50285,0.32779,-0.76198,0.24304,
140363816797024,-8.78453,7.19064,2.93370,0.48573,0.32811,-0.77291,0.24293,
1403638167205096960,-8.65104,7.36051,2.96872,0.48456,0.33640,-0.77352,0.23176,
1403638167350096896,-8.57097,7.50706,3.01448,0.49043,0.33993,-0.76974,0.22679,
1403638167500097024,-8.50566,7.67172,3.06125,0.49552,0.33671,-0.76691,0.23008,
1403638167705096960,-8.42715,7.89249,3.10416,0.50394,0.31951,-0.76448,0.24399,
1403638167955097088,-8.33180,8.19858,3.13111,0.51167,0.28378,-0.77412,0.24165,
1403638168155097088,-8.23160,8.45597,3.14647,0.52087,0.26033,-0.78065,0.22695,
1403638168360097024,-8.10808,8.73359,3.19728,0.53146,0.23919,-0.78734,0.20111,
1403638168525096960,-7.99174,8.96978,3.24953,0.53638,0.22877,-0.79325,0.17523,
1403638168705096960,-7.88641,9.22810,3.28608,0.53163,0.23166,-0.80142,0.14640,
1403638168945096960,-7.76659,9.58232,3.30632,0.52795,0.23267,-0.80521,0.13703,
1403638169110096896,-7.72037,9.80169,3.30305,0.53697,0.23241,-0.79795,0.14465,
1403638169320097024,-7.66538,10.11456,3.27857,0.54499,0.21455,-0.79196,0.17248,
1403638169445096960,-7.63056,10.29897,3.25472,0.55375,0.19033,-0.78888,0.18654,
1403638169560097024,-7.58681,10.47346,3.23719,0.56193,0.17114,-0.78821,0.18350,
1403638169760097024,-7.47932,10.75620,3.22040,0.57069,0.14649,-0.79458,0.14663,
1403638169995097088,-7.30939,11.03687,3.25051,0.58895,0.12010,-0.79498,0.08200,
1403638170150096896,-7.20992,11.21929,3.27932,0.60044,0.08531,-0.79267,0.06222,
1403638170360097024,-7.10972,11.49068,3.28693,0.59838,0.03137,-0.79935,0.04467,
1403638170605096960,-6.94872,11.69712,3.27854,0.59587,-0.02938,-0.80210,0.02661,
1403638170800097024,-6.79942,11.83511,3.29939,0.60130,-0.06785,-0.79613,0.00491,
1403638170960097024,-6.67432,11.90908,3.31067,0.59878,-0.09445,-0.79510,-0.01888,
1403638171115097088,-6.52788,11.97388,3.31491,0.59955,-0.11876,-0.79059,-0.03740,
1403638171320097024,-6.31454,12.03134,3.31525,0.60177,-0.13904,-0.78503,-0.04772,
1403638171560097024,-6.04763,12.07542,3.30374,0.60626,-0.15577,-0.77806,-0.05289,
1403638171670096896,-5.90394,12.08212,3.29482,0.60839,-0.16467,-0.77433,-0.05624,
1403638171770096896,-5.79812,12.03509,3.28077,0.60967,-0.17574,-0.77068,-0.05888,
1403638171885096960,-5.65941,11.99528,3.26623,0.61218,-0.18717,-0.76578,-0.06155,
140363817250096896,-5.41589,11.93997,3.26832,0.61591,-0.19254,-0.76025,-0.07482,
1403638172205096960,-5.19990,11.82062,3.27601,0.61354,-0.19425,-0.76093,-0.08256,
1403638172360097024,-4.97742,11.67054,3.26485,0.61200,-0.19383,-0.76184,-0.08656,
1403638172550096896,-4.70834,11.44889,3.20982,0.61698,-0.19322,-0.75828,-0.08374,
1403638172745096960,-4.40966,11.19705,3.13218,0.61916,-0.19203,-0.75754,-0.07686,
1403638172875097088,-4.18391,11.01267,3.06791,0.61966,-0.19094,-0.75792,-0.07158,
140363817330096896,-3.91331,10.75187,2.97625,0.61510,-0.19075,-0.76248,-0.06233,
1403638173200097024,-3.62671,10.43311,2.86119,0.60584,-0.18944,-0.77074,-0.05510,
1403638173400097024,-3.27778,10.01561,2.71180,0.59816,-0.17451,-0.77869,-0.07336,
1403638173560097024,-2.98373,9.67499,2.56141,0.59144,-0.16221,-0.78448,-0.09206,
1403638173745096960,-2.64791,9.28136,2.37704,0.58987,-0.16062,-0.78551,-0.09607,
1403638173905096960,-2.37532,8.93370,2.21723,0.58710,-0.16171,-0.78721,-0.09729,
140363817425096960,-2.17921,8.65630,2.10662,0.58732,-0.16226,-0.78691,-0.09743,
1403638174250096896,-1.81363,8.13702,1.91299,0.57996,-0.16165,-0.79235,-0.09847,
1403638174455097088,-1.49772,7.68470,1.72080,0.56854,-0.16158,-0.80086,-0.09635,
1403638174660097024,-1.16049,7.26920,1.54077,0.55720,-0.15978,-0.80907,-0.09692,
1403638174800097024,-0.95143,6.98918,1.43172,0.54877,-0.15863,-0.81491,-0.09803,
140363817597024,-0.66128,6.61018,1.30254,0.54380,-0.15764,-0.81818,-0.10009,
1403638175250096896,-0.30727,6.17925,1.17282,0.54482,-0.15697,-0.81681,-0.10656,
1403638175460097024,-0.00209,5.86505,1.09429,0.52756,-0.15703,-0.82745,-0.11110,
1403638175640097024,0.23876,5.64638,1.06182,0.50653,-0.15727,-0.84048,-0.11080,
1403638175860097024,0.52661,5.42828,1.03253,0.49129,-0.15679,-0.84989,-0.10830,
1403638176100097024,0.84495,5.29703,0.97033,0.50842,-0.14011,-0.84026,-0.12588,
1403638176295097088,1.07229,5.27573,0.94350,0.55161,-0.13862,-0.81270,-0.12657,
1403638176415097088,1.20118,5.27949,0.93248,0.55928,-0.13866,-0.80736,-0.12707,
1403638176645096960,1.40201,5.29115,0.92123,0.55614,-0.13840,-0.80905,-0.13037,
1403638176860097024,1.56730,5.31133,0.95960,0.55566,-0.14236,-0.80949,-0.12533,
140363817725096960,1.67834,5.33118,0.98235,0.55410,-0.14278,-0.81049,-0.12526,
1403638177195097088,1.78542,5.34646,0.98358,0.55158,-0.13942,-0.81192,-0.13082,
1403638177410096896,1.88975,5.39005,0.96691,0.55106,-0.13885,-0.81206,-0.13275,
1403638177660097024,1.97890,5.46863,0.91717,0.55521,-0.15733,-0.80919,-0.11042,
1403638177860097024,2.05304,5.54355,0.85991,0.56741,-0.17396,-0.79899,-0.09693,
14036381785096960,2.10022,5.59025,0.82443,0.57869,-0.17770,-0.78989,-0.09808,
1403638178190096896,2.17517,5.62342,0.80575,0.58197,-0.18562,-0.78336,-0.11493,
1403638178320097024,2.22531,5.64191,0.80346,0.58275,-0.20380,-0.77626,-0.12764,
1403638178500097024,2.31062,5.63873,0.80716,0.57448,-0.24074,-0.76828,-0.14754,
1403638178620097024,2.35689,5.61982,0.80656,0.56232,-0.27020,-0.76519,-0.15896,
1403638178805096960,2.43876,5.58778,0.79570,0.54953,-0.30883,-0.75509,-0.18023,
14036381795096960,2.54550,5.53759,0.77145,0.52907,-0.33623,-0.75377,-0.19714,
1403638179175097088,2.62990,5.49717,0.74287,0.51294,-0.34681,-0.75669,-0.20986,
1403638179445096960,2.82334,5.43465,0.66471,0.50055,-0.37007,-0.74623,-0.23588,
1403638179610096896,2.94998,5.40220,0.61751,0.50664,-0.39500,-0.72233,-0.25598,
1403638179735097088,3.04353,5.37423,0.58277,0.50254,-0.41621,-0.70716,-0.27230,
140363818097024,3.23690,5.31354,0.54208,0.47984,-0.45995,-0.68465,-0.29909,
1403638180155097088,3.35636,5.27816,0.53270,0.46963,-0.47729,-0.67820,-0.30279,
1403638180355097088,3.55232,5.22810,0.51874,0.46346,-0.48555,-0.67512,-0.30606,
1403638180510096896,3.67104,5.19444,0.49634,0.45960,-0.48337,-0.67689,-0.31135,
1403638180755097088,3.88119,5.14690,0.45373,0.45077,-0.47897,-0.68577,-0.31162,
140363818110096896,4.16685,5.08997,0.43886,0.45586,-0.47670,-0.68810,-0.30244,
1403638181210096896,4.39794,5.05608,0.41545,0.46572,-0.47458,-0.68480,-0.29821,
1403638181445096960,4.66075,5.01655,0.36574,0.48303,-0.48968,-0.65920,-0.30389,
1403638181655097088,4.92427,4.95089,0.31668,0.48832,-0.51468,-0.62147,-0.33229,
1403638181900097024,5.19531,4.82159,0.29191,0.44742,-0.54541,-0.60493,-0.36933,
1403638182155097088,5.49704,4.66836,0.30807,0.41608,-0.57643,-0.59387,-0.37673,
1403638182310096896,5.67065,4.57617,0.32397,0.41081,-0.58968,-0.58825,-0.37077,
1403638182500097024,5.84580,4.47304,0.34201,0.40239,-0.59283,-0.59160,-0.36965,
1403638182710096896,6.08295,4.33398,0.39778,0.39199,-0.58515,-0.60252,-0.37538,
1403638182845096960,6.25523,4.25038,0.43441,0.39541,-0.58236,-0.60335,-0.37481,
140363818350096896,6.49812,4.13073,0.47867,0.40936,-0.57412,-0.59814,-0.38084,
1403638183250096896,6.75978,4.00968,0.50137,0.40889,-0.56504,-0.60142,-0.38965,
1403638183410096896,6.92783,3.93980,0.50951,0.39980,-0.56984,-0.60811,-0.38163,
1403638183605096960,7.20684,3.83699,0.50858,0.38989,-0.57164,-0.61500,-0.37814,
1403638183855097088,7.56211,3.73765,0.51186,0.40560,-0.55847,-0.60490,-0.39711,
1403638184100097024,7.89177,3.66022,0.55210,0.40510,-0.56064,-0.60433,-0.39543,
1403638184265096960,8.11611,3.62760,0.57654,0.39611,-0.56822,-0.60917,-0.38619,
1403638184450096896,8.37785,3.60863,0.59382,0.39953,-0.56585,-0.60610,-0.39095,
1403638184575097088,8.56077,3.59875,0.60261,0.40217,-0.56433,-0.60372,-0.39411,
1403638184750096896,8.80668,3.59185,0.61305,0.40431,-0.56404,-0.60198,-0.39498,
1403638184960097024,9.09800,3.60062,0.63696,0.40420,-0.56286,-0.60116,-0.39802,
1403638185160097024,9.35132,3.63455,0.65451,0.40224,-0.56318,-0.60251,-0.39751,
1403638185345096960,9.62888,3.65036,0.67920,0.39756,-0.55875,-0.60608,-0.40301,
1403638185465096960,9.79198,3.67078,0.69872,0.40126,-0.54984,-0.60904,-0.40711,
1403638185600097024,9.95969,3.70538,0.71993,0.40968,-0.53473,-0.61752,-0.40608,
1403638185705096960,10.08235,3.74410,0.73246,0.41832,-0.52537,-0.62272,-0.40151,
1403638185840097024,10.24281,3.79789,0.74915,0.43414,-0.52832,-0.62284,-0.38010,
1403638185975097088,10.39496,3.85374,0.75748,0.44474,-0.53768,-0.62195,-0.35538,
140363818655097088,10.48109,3.88292,0.76063,0.44333,-0.53647,-0.62525,-0.35316,
1403638186160097024,10.60276,3.91714,0.76232,0.43812,-0.53310,-0.63025,-0.35586,
1403638186305096960,10.76740,3.97006,0.75794,0.43346,-0.52906,-0.63414,-0.36067,
1403638186405096960,10.88130,4.00554,0.76518,0.43149,-0.52776,-0.63541,-0.36268,
1403638186540097024,11.01461,4.04290,0.79110,0.43004,-0.52687,-0.63566,-0.36525,
1403638186645096960,11.12927,4.07622,0.80774,0.42699,-0.52583,-0.63702,-0.36796,
1403638186725096960,11.24284,4.11252,0.81667,0.42474,-0.52222,-0.63868,-0.37279,
1403638186835097088,11.36222,4.16364,0.81624,0.42236,-0.51388,-0.64454,-0.37697,
1403638186960097024,11.49244,4.22798,0.81479,0.42432,-0.50227,-0.65515,-0.37210,
1403638187165096960,11.71712,4.35565,0.82933,0.45737,-0.47258,-0.66984,-0.34466,
1403638187255097088,11.81212,4.41723,0.84271,0.47512,-0.45441,-0.67668,-0.33148,
1403638187410096896,11.97956,4.53654,0.84497,0.49993,-0.42210,-0.68712,-0.31586,
1403638187575097088,12.13658,4.64253,0.89673,0.50726,-0.40403,-0.69871,-0.30208,
1403638187700097024,12.23294,4.71555,0.92800,0.50276,-0.39985,-0.70798,-0.29346,
1403638187925096960,12.39467,4.84861,0.96711,0.49655,-0.39051,-0.71462,-0.30043,
1403638188100097024,12.51761,4.95855,0.98524,0.49757,-0.38268,-0.71178,-0.31519,
1403638188220097024,12.59414,5.04390,0.99662,0.50137,-0.37947,-0.70721,-0.32326,
1403638188355097088,12.65125,5.13782,0.99244,0.52365,-0.38149,-0.69014,-0.32244,
1403638188600097024,12.70034,5.30011,0.98189,0.54943,-0.38254,-0.66983,-0.32110,
1403638188810096896,12.66490,5.40091,0.98589,0.54160,-0.37816,-0.68507,-0.30714,
1403638189100097024,12.56205,5.50734,1.06286,0.53675,-0.36916,-0.70208,-0.28758,
1403638189310096896,12.42414,5.55494,1.11288,0.54346,-0.34801,-0.71751,-0.26214,
1403638189485096960,12.29656,5.58060,1.13860,0.52870,-0.33291,-0.74391,-0.23715,
1403638189650096896,12.16326,5.57029,1.16510,0.52119,-0.32522,-0.75728,-0.22163,
1403638189810096896,12.02525,5.59597,1.19813,0.51257,-0.32692,-0.76622,-0.20812,
1403638189960097024,11.93119,5.62547,1.21945,0.50425,-0.32700,-0.77244,-0.20529,
140363819040097024,11.88020,5.63354,1.22185,0.50748,-0.32563,-0.77019,-0.20791,
1403638190175097088,11.77283,5.65275,1.22927,0.52019,-0.32121,-0.76122,-0.21628,
1403638190365096960,11.68918,5.71789,1.22183,0.53547,-0.29778,-0.75251,-0.24152,
1403638190470096896,11.63247,5.74744,1.20992,0.53909,-0.28176,-0.75351,-0.24942,
1403638190550096896,11.58309,5.77058,1.19794,0.53930,-0.27662,-0.75629,-0.24630,
1403638190655097088,11.51974,5.79378,1.17465,0.53987,-0.27350,-0.75914,-0.23969,
1403638190755097088,11.44227,5.82981,1.16312,0.54225,-0.27191,-0.75997,-0.23341,
1403638190865096960,11.35867,5.87084,1.14806,0.54510,-0.27666,-0.76008,-0.22048,
1403638190945096960,11.28658,5.88897,1.14471,0.54513,-0.27797,-0.76111,-0.21514,
140363819195097088,11.15883,5.92903,1.15615,0.55176,-0.27802,-0.75736,-0.21135,
1403638191255097088,11.01646,5.97582,1.18228,0.54086,-0.28152,-0.76530,-0.20623,
1403638191470096896,10.77986,6.02558,1.22569,0.52762,-0.28594,-0.77385,-0.20251,
1403638191605096960,10.65164,6.05597,1.23971,0.52645,-0.28558,-0.77409,-0.20511,
1403638191760097024,10.57144,6.12402,1.25288,0.52200,-0.28153,-0.77643,-0.21311,
1403638191865096960,10.48077,6.15875,1.25606,0.52022,-0.27938,-0.77730,-0.21708,
1403638191995097088,10.39734,6.23899,1.24905,0.52030,-0.28021,-0.77721,-0.21613,
1403638192120097024,10.28774,6.29610,1.25002,0.52047,-0.27948,-0.77709,-0.21710,
1403638192250096896,10.17734,6.37118,1.27370,0.52599,-0.28034,-0.77364,-0.21501,
1403638192450096896,10.03083,6.48043,1.35196,0.53807,-0.28084,-0.76566,-0.21301,
1403638192700097024,9.79141,6.58756,1.44914,0.55555,-0.27876,-0.75297,-0.21609,
1403638192910096896,9.58864,6.69294,1.51884,0.57852,-0.28020,-0.73572,-0.21332,
1403638193160097024,9.34813,6.76519,1.58550,0.59391,-0.27817,-0.72943,-0.19450,
1403638193330096896,9.15020,6.74544,1.65513,0.58020,-0.26502,-0.74594,-0.19159,
1403638193445096960,9.03621,6.71705,1.71312,0.57740,-0.25549,-0.75046,-0.19532,
1403638193660097024,8.76552,6.64933,1.81384,0.57217,-0.25021,-0.75705,-0.19207,
1403638193870096896,8.47870,6.55732,1.87660,0.55439,-0.25480,-0.77077,-0.18343,
140363819450096896,8.24442,6.47536,1.91467,0.55022,-0.25666,-0.77350,-0.18187,
1403638194250096896,7.99820,6.38201,1.93018,0.56304,-0.25465,-0.76343,-0.18794,
1403638194505096960,7.66524,6.25213,1.94084,0.55254,-0.26033,-0.77047,-0.18249,
1403638194710096896,7.43084,6.13330,1.97455,0.53791,-0.26444,-0.78016,-0.17912,
1403638194920097024,7.21480,6.02185,1.99786,0.52675,-0.26547,-0.78720,-0.17995,
1403638195105096960,7.00870,5.93806,1.99814,0.52340,-0.26661,-0.78912,-0.17962,
1403638195360097024,6.77998,5.86379,1.97178,0.50197,-0.27369,-0.80274,-0.16950,
1403638195650096896,6.55934,5.82876,1.91537,0.53409,-0.26645,-0.78198,-0.17963,
1403638195850096896,6.44478,5.83440,1.88009,0.52830,-0.26817,-0.78596,-0.17679,
1403638196105096960,6.31603,5.84591,1.88183,0.51816,-0.26909,-0.79297,-0.17406,
1403638196355097088,6.18831,5.88029,1.92602,0.53519,-0.26370,-0.78192,-0.18066,
1403638196615097088,6.09002,5.92367,1.93952,0.52773,-0.26860,-0.78660,-0.17495,
1403638196900097024,6.02370,6.01032,1.90863,0.52052,-0.27111,-0.79100,-0.17283,
1403638197165096960,5.95122,6.10384,1.91343,0.53469,-0.26736,-0.78161,-0.17808,
1403638197445096960,5.93826,6.22284,1.95631,0.54207,-0.25203,-0.77638,-0.19968,
1403638197705096960,5.88188,6.34799,2.03701,0.54553,-0.25145,-0.77422,-0.19938,
1403638197840097024,5.85562,6.40705,2.07538,0.54820,-0.25231,-0.77264,-0.19708,
140363819860097024,5.80846,6.50091,2.10226,0.56915,-0.25270,-0.75796,-0.19419,
1403638198350096896,5.66737,6.60499,2.04327,0.55816,-0.25601,-0.76606,-0.18991,
1403638198560097024,5.53561,6.68310,1.97337,0.54511,-0.24702,-0.77511,-0.20258,
1403638198805096960,5.38330,6.76064,1.88246,0.54358,-0.21889,-0.77406,-0.23965,
140363819920097024,5.17564,6.84878,1.83104,0.54219,-0.21996,-0.77510,-0.23847,
1403638199295097088,4.87630,6.97774,1.82458,0.54912,-0.22497,-0.77070,-0.23211,
1403638199500097024,4.57017,7.08153,1.86325,0.54553,-0.22169,-0.77216,-0.23878,
1403638199755097088,4.15593,7.22569,1.94966,0.54500,-0.21543,-0.78016,-0.21892,
1403638199955097088,3.78344,7.33472,2.02082,0.54783,-0.22036,-0.78467,-0.18871,
140363820095097088,3.51795,7.41626,2.05415,0.54975,-0.21085,-0.78791,-0.18031,
1403638200265096960,3.17586,7.51879,2.09539,0.56264,-0.18274,-0.78694,-0.17541,
1403638200395097088,2.90740,7.59238,2.14383,0.57328,-0.16072,-0.78617,-0.16568,
1403638200525096960,2.65076,7.66356,2.19813,0.57268,-0.13886,-0.79113,-0.16392,
1403638200700097024,2.28407,7.73537,2.29395,0.57112,-0.10909,-0.79753,-0.16082,
1403638200915097088,1.79920,7.81985,2.40591,0.56660,-0.09533,-0.80563,-0.14434,
1403638201120097024,1.26717,7.91224,2.47208,0.57152,-0.10558,-0.80506,-0.11874,
1403638201355097088,0.69586,7.98219,2.51267,0.57336,-0.11241,-0.80360,-0.11336,
1403638201570096896,0.15228,8.06786,2.52104,0.57615,-0.11355,-0.80064,-0.11890,
1403638201750096896,-0.32474,8.14479,2.50026,0.57835,-0.11692,-0.79848,-0.11948,
1403638201950096896,-0.83630,8.19663,2.44849,0.57777,-0.11693,-0.79919,-0.11746,
1403638202115097088,-1.23890,8.23971,2.41171,0.57750,-0.11169,-0.80225,-0.10204,
1403638202360097024,-1.88107,8.28890,2.39293,0.56823,-0.11053,-0.81135,-0.08130,
1403638202470096896,-2.14147,8.30622,2.39330,0.56684,-0.10907,-0.81282,-0.07827,
1403638202705096960,-2.71517,8.39088,2.35246,0.56382,-0.11109,-0.81516,-0.07269,
1403638202910096896,-3.17749,8.45054,2.29471,0.56570,-0.10970,-0.81373,-0.07610,
140363820360097024,-3.50449,8.48517,2.25501,0.56852,-0.11151,-0.81166,-0.07455,
1403638203220097024,-3.83074,8.52650,2.23297,0.57211,-0.10911,-0.80907,-0.07869,
1403638203405096960,-4.18362,8.56192,2.21995,0.57715,-0.10929,-0.80555,-0.07775,
1403638203650096896,-4.66011,8.59087,2.18571,0.57528,-0.11219,-0.80689,-0.07342,
1403638203900097024,-5.11832,8.62601,2.17244,0.57578,-0.11030,-0.80670,-0.07450,
140363820480097024,-5.46154,8.63425,2.19098,0.57241,-0.11002,-0.80941,-0.07137,
1403638204300097024,-5.81834,8.63725,2.25106,0.56318,-0.11994,-0.81571,-0.05530,
1403638204470096896,-6.08738,8.64360,2.29930,0.55473,-0.13209,-0.82046,-0.04091,
1403638204685096960,-6.43965,8.61681,2.33765,0.55819,-0.12676,-0.81904,-0.03909,
1403638204800097024,-6.56059,8.61506,2.34640,0.55942,-0.10768,-0.82082,-0.04137,
1403638204930096896,-6.70891,8.60921,2.34819,0.56397,-0.07192,-0.82151,-0.04345,
1403638205100097024,-6.88537,8.60630,2.33222,0.56739,-0.01579,-0.82299,-0.02253,
1403638205180097024,-6.96291,8.60906,2.32284,0.56848,0.01330,-0.82259,-0.00220,
1403638205340097024,-7.14049,8.61215,2.32195,0.57113,0.07781,-0.81608,0.04214,
1403638205450096896,-7.27341,8.61616,2.33456,0.57342,0.12191,-0.80717,0.06935,
1403638205615097088,-7.45559,8.60972,2.37208,0.57951,0.17765,-0.79106,0.08261,
1403638205820097024,-7.69132,8.59265,2.43768,0.58686,0.21725,-0.77448,0.09260,
140363820625096960,-7.94887,8.51256,2.51766,0.57602,0.25128,-0.76781,0.12461,
1403638206220097024,-8.24165,8.41452,2.61570,0.56872,0.28453,-0.75546,0.15770,
1403638206400097024,-8.49397,8.29931,2.69125,0.56094,0.30156,-0.74667,0.19208,
1403638206570096896,-8.68530,8.13639,2.75652,0.55877,0.30562,-0.74110,0.21246,
1403638206715097088,-8.87742,8.02586,2.78495,0.55819,0.31063,-0.73667,0.22192,
1403638206905096960,-9.09794,7.83605,2.81337,0.55355,0.32201,-0.73188,0.23291,
1403638207105096960,-9.31380,7.64524,2.81380,0.55722,0.32514,-0.72485,0.24162,
1403638207275097088,-9.48374,7.46492,2.78482,0.55643,0.32983,-0.72103,0.24843,
1403638207460097024,-9.62086,7.24308,2.73708,0.55453,0.34775,-0.70741,0.26670,
1403638207670096896,-9.74569,6.98431,2.70777,0.53192,0.37872,-0.70145,0.28566,
1403638207905096960,-9.84678,6.69634,2.70616,0.50389,0.39625,-0.70856,0.29499,
1403638208160097024,-9.95152,6.37142,2.72729,0.50304,0.39758,-0.70702,0.29834,
1403638208400097024,-10.00025,6.08618,2.71493,0.50591,0.39553,-0.70736,0.29538,
1403638208605096960,-10.03440,5.86638,2.69406,0.49695,0.40742,-0.70589,0.29793,
1403638208755097088,-10.05652,5.71167,2.70007,0.49063,0.41830,-0.69917,0.30897,
1403638208885096960,-10.05857,5.58490,2.71025,0.48876,0.42626,-0.69288,0.31518,
140363820960097024,-10.06484,5.39709,2.70448,0.48806,0.43335,-0.68671,0.32006,
1403638209170096896,-10.06163,5.29429,2.69304,0.48583,0.43586,-0.68606,0.32144,
1403638209400097024,-10.03945,5.07740,2.64399,0.48324,0.43560,-0.68627,0.32523,
1403638209610096896,-10.01696,4.91140,2.56779,0.48622,0.43287,-0.68439,0.32838,
1403638209770096896,-9.97628,4.76547,2.45176,0.48680,0.43298,-0.68503,0.32602,
1403638209950096896,-9.93212,4.61246,2.27488,0.49461,0.43321,-0.68025,0.32396,
140363821075097088,-9.89770,4.50268,2.15063,0.50257,0.43091,-0.67459,0.32660,
1403638210220097024,-9.84415,4.37663,2.01657,0.50774,0.42654,-0.67052,0.33267,
1403638210445096960,-9.72907,4.18928,1.81960,0.50721,0.42722,-0.67141,0.33080,
1403638210700097024,-9.54787,3.97266,1.57927,0.50863,0.42323,-0.67103,0.33450,
1403638210905096960,-9.36964,3.80197,1.39644,0.50426,0.42353,-0.67449,0.33378,
140363821160097024,-9.21546,3.67092,1.27198,0.49667,0.42612,-0.67982,0.33103,
1403638211300097024,-8.96116,3.47908,1.13225,0.48903,0.42788,-0.68507,0.32931,
1403638211415097088,-8.82638,3.38434,1.07632,0.49115,0.42232,-0.68923,0.32461,
1403638211650096896,-8.55000,3.22341,0.93440,0.50088,0.39192,-0.70661,0.31020,
1403638211780097024,-8.38481,3.13404,0.83876,0.50789,0.36475,-0.72151,0.29737,
1403638211955097088,-8.16565,3.05032,0.72515,0.51692,0.32344,-0.74261,0.27696,
140363821260097024,-8.02105,3.00311,0.66744,0.52380,0.30048,-0.75257,0.26265,
1403638212350096896,-7.60418,2.88253,0.55228,0.54435,0.24542,-0.77326,0.21338,
1403638212555097088,-7.28643,2.79915,0.51727,0.55668,0.20295,-0.78457,0.18265,
1403638212765096960,-6.94984,2.70716,0.50100,0.56352,0.15910,-0.79694,0.14839,
1403638212910096896,-6.71227,2.64524,0.50530,0.56778,0.12365,-0.80388,0.12695,
1403638213160097024,-6.28761,2.55285,0.53416,0.57042,0.05821,-0.81494,0.08431,
1403638213405096960,-5.87701,2.48471,0.55674,0.55104,-0.01844,-0.83225,0.05807,
1403638213700097024,-5.32958,2.45341,0.55685,0.56558,-0.07307,-0.82142,0.00675,
1403638213850096896,-5.02937,2.44582,0.56521,0.57736,-0.07311,-0.81296,-0.01996,
1403638213970096896,-4.77364,2.43413,0.57444,0.57809,-0.07311,-0.81222,-0.02762,
1403638214150096896,-4.42939,2.42206,0.60620,0.56404,-0.07088,-0.82219,-0.02910,
1403638214405096960,-3.93434,2.41476,0.64861,0.54648,-0.06263,-0.83478,-0.02416,
1403638214660097024,-3.44275,2.45200,0.65470,0.56511,-0.05186,-0.82309,-0.02223,
1403638214795097088,-3.18591,2.46983,0.64269,0.57631,-0.04722,-0.81561,-0.02046,
1403638214960097024,-2.89428,2.49220,0.61620,0.58293,-0.04252,-0.81117,-0.01963,
1403638215210096896,-2.46765,2.50865,0.55630,0.58132,-0.03892,-0.81250,-0.01977,
1403638215360097024,-2.20328,2.52085,0.50995,0.57764,-0.03549,-0.81512,-0.02540,
1403638215505096960,-1.97109,2.53403,0.47496,0.57829,-0.03217,-0.81463,-0.03058,
1403638215630096896,-1.76779,2.54468,0.46233,0.58085,-0.03158,-0.81280,-0.03134,
1403638215820097024,-1.50992,2.55077,0.44726,0.58155,-0.03889,-0.81217,-0.02600,
1403638215960097024,-1.30047,2.55125,0.42580,0.58188,-0.04599,-0.81147,-0.02846,
1403638216125096960,-1.07535,2.54299,0.39454,0.58139,-0.05067,-0.81139,-0.03264,
1403638216315097088,-0.83919,2.52270,0.37196,0.58297,-0.05230,-0.80994,-0.03765,
1403638216510096896,-0.61614,2.49761,0.36766,0.58510,-0.05293,-0.80820,-0.04077,
1403638216750096896,-0.34559,2.45697,0.35103,0.58068,-0.04974,-0.81124,-0.04728,
1403638216995097088,-0.11263,2.41268,0.30301,0.58777,-0.06447,-0.80447,-0.05658,
1403638217120097024,0.01466,2.38179,0.27041,0.58320,-0.08335,-0.80565,-0.06211,
1403638217350096896,0.22714,2.30949,0.20454,0.57465,-0.10698,-0.80772,-0.07692,
1403638217475097088,0.30337,2.26892,0.19355,0.57182,-0.11330,-0.80839,-0.08183,
1403638217645096960,0.42295,2.20655,0.19352,0.56828,-0.11058,-0.80988,-0.09444,
1403638217860097024,0.54843,2.14850,0.21631,0.56389,-0.10281,-0.81246,-0.10662,
140363821860097024,0.64890,2.09988,0.23995,0.56855,-0.09734,-0.80955,-0.10912,
1403638218250096896,0.70248,2.06405,0.24736,0.57533,-0.09568,-0.80542,-0.10555,
1403638218400097024,0.73711,2.02759,0.24315,0.58216,-0.09706,-0.80132,-0.09778,
1403638218550096896,0.75707,1.99081,0.25628,0.58157,-0.09838,-0.80227,-0.09198,
1403638218795097088,0.73107,1.93400,0.29141,0.56848,-0.10698,-0.81065,-0.09070,
1403638218950096896,0.73094,1.89360,0.29572,0.56390,-0.12297,-0.81175,-0.08921,
1403638219110096896,0.70985,1.86363,0.28797,0.56736,-0.14305,-0.80726,-0.07722,
1403638219255097088,0.68897,1.83099,0.27963,0.57382,-0.14202,-0.80184,-0.08729,
1403638219410096896,0.67546,1.79758,0.27446,0.58781,-0.13705,-0.79120,-0.09849,
1403638219610096896,0.63274,1.74038,0.26724,0.59192,-0.13679,-0.78813,-0.09881,
1403638219850096896,0.60024,1.64877,0.26069,0.58250,-0.14831,-0.79506,-0.08105,
1403638219975097088,0.58334,1.58073,0.25451,0.57878,-0.15535,-0.79739,-0.07111,
1403638220150096896,0.56022,1.48828,0.23449,0.57287,-0.15577,-0.80163,-0.07035,
1403638220265096960,0.55862,1.41927,0.23258,0.56896,-0.14508,-0.80484,-0.08643,
1403638220460097024,0.55694,1.27508,0.23909,0.56619,-0.13541,-0.80673,-0.10140,
1403638220605096960,0.54821,1.18684,0.26326,0.56665,-0.13526,-0.80612,-0.10381,
1403638220750096896,0.53691,1.10803,0.27536,0.56653,-0.13715,-0.80582,-0.10433,
1403638220920097024,0.52198,1.01787,0.26581,0.56577,-0.13985,-0.80597,-0.10373,
140363822170096896,0.51337,0.93047,0.24296,0.56473,-0.14149,-0.80645,-0.10345,
1403638221210096896,0.49277,0.85877,0.21586,0.56224,-0.14265,-0.80801,-0.10326,
1403638221405096960,0.47658,0.75240,0.21419,0.55884,-0.14664,-0.81016,-0.09918,
1403638221560097024,0.45459,0.67560,0.20390,0.55896,-0.14978,-0.80988,-0.09606,
1403638221750096896,0.42647,0.59884,0.18901,0.56415,-0.15196,-0.80611,-0.09393,
1403638221910096896,0.41145,0.53482,0.19022,0.56696,-0.14992,-0.80433,-0.09560,
140363822265096960,0.39355,0.48895,0.20171,0.56645,-0.14527,-0.80481,-0.10155,
1403638222210096896,0.37864,0.42380,0.21277,0.55887,-0.14480,-0.81007,-0.10238,
1403638222405096960,0.37124,0.34723,0.21108,0.54974,-0.14703,-0.81616,-0.10023,
1403638222610096896,0.34895,0.28684,0.19980,0.55387,-0.14637,-0.81347,-0.10032,
1403638222805096960,0.32296,0.24524,0.16483,0.56406,-0.14633,-0.80638,-0.10086,
140363822397024,0.31757,0.20281,0.13605,0.57812,-0.14470,-0.79651,-0.10203,
1403638223200097024,0.28953,0.14643,0.10915,0.56099,-0.14745,-0.80858,-0.09871,
1403638223455097088,0.26909,0.07754,0.09607,0.55764,-0.15773,-0.81057,-0.08449,
1403638223710096896,0.26883,0.03825,0.06756,0.56440,-0.15316,-0.80596,-0.09178,
1403638223870096896,0.28255,0.01412,0.04974,0.56185,-0.14455,-0.80782,-0.10421,
1403638223950096896,0.28699,-0.00677,0.03923,0.56149,-0.14128,-0.80806,-0.10869,
140363822490096896,0.29261,-0.02739,0.01639,0.55550,-0.14096,-0.81229,-0.10831,
1403638224205096960,0.28202,-0.03387,-0.00201,0.54521,-0.14347,-0.81920,-0.10523,
1403638224395097088,0.27951,-0.05267,-0.03684,0.55598,-0.14520,-0.81193,-0.10287,
1403638224610096896,0.26011,-0.02865,-0.05989,0.57100,-0.14679,-0.80138,-0.10103,
1403638224750096896,0.24738,-0.05174,-0.07632,0.55216,-0.14760,-0.81443,-0.10016,
1403638224925096960,0.24002,-0.04493,-0.08012,0.55740,-0.15096,-0.81095,-0.09420,
140363822595097088,0.23660,-0.03265,-0.08462,0.57146,-0.15363,-0.80127,-0.08828,
1403638225215097088,0.23844,-0.03204,-0.07319,0.56438,-0.14792,-0.80670,-0.09396,
1403638225420097024,0.24156,-0.02771,-0.05880,0.55823,-0.14379,-0.81111,-0.09899,
1403638225595097088,0.24662,-0.01031,-0.06196,0.58325,-0.13971,-0.79326,-0.10502,
1403638225755097088,0.24441,-0.00714,-0.08947,0.58597,-0.13849,-0.79130,-0.10633,
1403638225975097088,0.23143,-0.02108,-0.16628,0.55384,-0.14203,-0.81421,-0.10072,
1403638226160097024,0.21339,-0.01901,-0.18639,0.54590,-0.15470,-0.82003,-0.07492,
1403638226370096896,0.20447,-0.01446,-0.18727,0.54661,-0.14198,-0.81977,-0.09506,
1403638226655097088,0.21019,-0.01816,-0.16602,0.54563,-0.14096,-0.82035,-0.09717,
1403638226960097024,0.19879,-0.01918,-0.19570,0.54533,-0.14062,-0.82059,-0.09735,
1403638227200097024,0.19630,-0.02513,-0.19320,0.54524,-0.14079,-0.82064,-0.09717,
1403638227450096896,0.19285,-0.03126,-0.19112,0.54515,-0.14067,-0.82069,-0.09740,
1403638227605096960,0.19115,-0.03379,-0.19038,0.54522,-0.14058,-0.82064,-0.09761,
1403638227765096960,0.18918,-0.03619,-0.18933,0.54514,-0.14062,-0.82069,-0.09757,
1403638227995097088,0.18519,-0.04010,-0.18763,0.54519,-0.14076,-0.82063,-0.09757,
1403638228190096896,0.18522,-0.03802,-0.18975,0.54527,-0.14079,-0.82055,-0.09772,
1403638228365096960,0.18395,-0.04515,-0.18437,0.54527,-0.14077,-0.82061,-0.09730,
1403638228525096960,0.18679,-0.04162,-0.18948,0.54524,-0.14075,-0.82064,-0.09723,
1403638228720097024,0.18489,-0.04210,-0.19067,0.54527,-0.14079,-0.82060,-0.09736,
