1548147491920614656,0.00006,0.00004,0.00014,0.74900,-0.00082,-0.66257,-0.00005,
1548147492164794880,-0.00025,0.00017,-0.00019,0.74868,-0.00078,-0.66293,0.00012,
1548147492423915008,0.00033,-0.00242,0.00030,0.74958,-0.00120,-0.66192,0.00046,
1548147492678054912,0.00470,0.01013,-0.00026,0.74641,-0.00200,-0.66549,0.00117,
1548147492967064832,-0.00107,-0.00319,0.00160,0.74970,-0.00031,-0.66178,-0.00031,
1548147493221214720,-0.00103,-0.00068,-0.00090,0.74900,-0.00015,-0.66257,-0.00044,
1548147493475364608,0.00010,0.00129,-0.00077,0.74914,-0.00050,-0.66241,-0.00012,
1548147493764374784,0.00025,-0.00249,-0.00042,0.74926,-0.00044,-0.66227,-0.00020,
154814749418524928,0.00012,-0.00024,-0.00050,0.74922,-0.00047,-0.66232,-0.00018,
1548147494277654528,0.00003,-0.00074,-0.00139,0.74907,-0.00057,-0.66249,-0.00008,
1548147494566684672,0.00009,0.00190,0.00048,0.74895,-0.00056,-0.66263,-0.00007,
1548147494820824832,0.00001,-0.00117,0.00089,0.74922,-0.00053,-0.66232,-0.00013,
154814749574954752,0.00001,-0.00043,0.00031,0.74911,-0.00050,-0.66244,-0.00012,
1548147495363964672,-0.00006,-0.00161,0.00031,0.74931,-0.00043,-0.66222,-0.00019,
1548147495618084608,-0.00064,-0.00034,-0.00021,0.74921,-0.00042,-0.66233,-0.00020,
1548147495872214784,-0.00182,-0.00009,-0.00241,0.74905,-0.00056,-0.66252,-0.00007,
1548147496161224704,0.00032,-0.00021,0.00074,0.74917,-0.00052,-0.66238,-0.00010,
1548147496420344576,0.00013,-0.00042,0.00012,0.74917,-0.00043,-0.66238,-0.00023,
1548147496694414592,0.00047,0.00022,-0.00008,0.74911,-0.00051,-0.66245,-0.00009,
1548147496963504896,0.00021,0.00063,-0.00008,0.74908,-0.00052,-0.66248,-0.00010,
1548147497217634560,-0.00016,-0.00223,0.00032,0.74930,-0.00043,-0.66223,-0.00020,
1548147497471764480,-0.00031,-0.00075,-0.00042,0.74913,-0.00048,-0.66242,-0.00013,
1548147497760774656,0.00060,-0.00187,0.00060,0.74916,-0.00052,-0.66239,-0.00010,
154814749814894848,-0.00044,0.00183,-0.00050,0.74894,-0.00047,-0.66264,-0.00015,
1548147498274004736,0.00034,-0.00141,0.00101,0.74915,-0.00053,-0.66240,-0.00009,
1548147498563014656,-0.00106,0.00106,-0.00005,0.74907,-0.00046,-0.66249,-0.00014,
1548147498817144576,0.00011,-0.00064,-0.00001,0.74917,-0.00050,-0.66238,-0.00008,
154814749971284480,0.00006,-0.00113,-0.00032,0.74913,-0.00053,-0.66243,-0.00015,
1548147499360294656,-0.00173,0.00103,-0.00042,0.74829,-0.00038,-0.66336,-0.00295,
1548147499614424832,-0.00034,0.00108,0.00000,0.74764,0.00008,-0.66410,-0.00249,
1548147499868554496,-0.00124,-0.00197,0.00048,0.74886,-0.00041,-0.66273,-0.00090,
1548147500162554624,-0.00003,0.00037,0.00029,0.74891,-0.00064,-0.66267,-0.00074,
1548147500416694528,0.00117,-0.00222,-0.00004,0.74886,-0.00061,-0.66273,-0.00060,
1548147500670844672,-0.00021,0.00011,-0.00039,0.74887,-0.00068,-0.66272,-0.00077,
1548147500959854592,-0.00033,-0.00186,-0.00008,0.74898,-0.00063,-0.66260,-0.00065,
1548147501214004480,0.00140,-0.00189,0.00038,0.74926,-0.00042,-0.66228,-0.00027,
1548147501488074496,0.00043,0.00591,-0.00034,0.74967,0.00222,-0.66181,0.00258,
1548147501757174528,0.00191,0.00718,0.00071,0.74947,0.00521,-0.66200,0.00523,
154814750216304384,0.00751,-0.00230,0.00184,0.74823,0.00522,-0.66340,0.00533,
1548147502270454528,0.00878,-0.00691,0.00715,0.74846,0.00647,-0.66312,0.00602,
1548147502559484416,0.00489,-0.00943,-0.00113,0.74959,0.00182,-0.66190,0.00160,
1548147502763784704,0.00032,-0.00364,-0.00093,0.74918,0.00174,-0.66236,0.00180,
15481475037974656,-0.00127,-0.00350,-0.00144,0.74929,0.00174,-0.66224,0.00184,
1548147503262124544,-0.00217,-0.00176,-0.00184,0.74937,0.00108,-0.66215,0.00137,
1548147503526234624,-0.00231,0.00076,-0.00182,0.74936,0.00112,-0.66216,0.00134,
1548147503805284608,-0.00303,0.00157,-0.00146,0.74933,0.00118,-0.66219,0.00130,
154814750464414464,-0.00319,0.00184,-0.00145,0.74934,0.00117,-0.66218,0.00130,
1548147504318554368,-0.00272,0.00115,-0.00145,0.74936,0.00114,-0.66216,0.00129,
1548147504612534528,-0.00261,0.00122,-0.00115,0.74935,0.00112,-0.66217,0.00125,
1548147504866664448,-0.00252,0.00091,-0.00092,0.74935,0.00112,-0.66218,0.00123,
1548147505155674368,-0.00220,-0.00002,-0.00065,0.74933,0.00114,-0.66220,0.00122,
1548147505409824256,-0.00185,-0.00092,-0.00074,0.74930,0.00118,-0.66223,0.00121,
1548147505663954432,-0.00167,-0.00160,-0.00069,0.74928,0.00118,-0.66225,0.00120,
1548147505957954304,-0.00169,-0.00220,-0.00064,0.74927,0.00118,-0.66226,0.00122,
1548147506212094464,-0.00133,-0.00179,-0.00056,0.74924,0.00123,-0.66229,0.00124,
1548147506471214592,-0.00137,-0.00207,-0.00043,0.74923,0.00123,-0.66231,0.00124,
1548147506755254528,-0.00165,-0.00243,-0.00044,0.74922,0.00123,-0.66232,0.00123,
15481475079394432,-0.00156,-0.00245,-0.00042,0.74924,0.00118,-0.66230,0.00127,
1548147507263524608,-0.00154,-0.00285,-0.00030,0.74921,0.00117,-0.66233,0.00127,
1548147507552534272,-0.00160,-0.00320,-0.00015,0.74920,0.00117,-0.66234,0.00127,
1548147507811644416,-0.00177,-0.00364,-0.00000,0.74917,0.00117,-0.66238,0.00126,
154814750880744448,-0.00161,-0.00391,0.00007,0.74917,0.00117,-0.66238,0.00126,
1548147508354804480,-0.00172,-0.00418,0.00025,0.74916,0.00119,-0.66239,0.00126,
1548147508608934400,-0.00195,-0.00428,0.00035,0.74915,0.00119,-0.66240,0.00122,
1548147508863074304,-0.00213,-0.00432,0.00045,0.74915,0.00119,-0.66240,0.00120,
1548147509152114432,-0.00241,-0.00429,0.00051,0.74916,0.00120,-0.66238,0.00116,
1548147509406254336,-0.00265,-0.00418,0.00053,0.74914,0.00118,-0.66241,0.00113,
1548147509665374208,-0.00279,-0.00411,0.00073,0.74913,0.00117,-0.66243,0.00115,
1548147509954394368,-0.00314,-0.00394,0.00086,0.74912,0.00119,-0.66243,0.00116,
1548147510208534528,-0.00319,-0.00394,0.00080,0.74913,0.00118,-0.66243,0.00118,
1548147510462674432,-0.00366,-0.00393,0.00086,0.74913,0.00116,-0.66242,0.00119,
1548147510751684352,-0.00371,-0.00386,0.00109,0.74912,0.00116,-0.66243,0.00119,
15481475115814272,-0.00193,-0.00259,0.00005,0.74913,0.00123,-0.66242,0.00128,
1548147511259964160,-0.00183,-0.00264,0.00022,0.74912,0.00123,-0.66243,0.00125,
1548147511553964288,-0.00190,-0.00277,0.00043,0.74914,0.00127,-0.66241,0.00128,
1548147511808094208,-0.00219,-0.00294,0.00057,0.74910,0.00123,-0.66245,0.00127,
154814751262234368,-0.00246,-0.00301,0.00069,0.74908,0.00121,-0.66247,0.00127,
1548147512351234304,-0.00266,-0.00308,0.00068,0.74908,0.00122,-0.66247,0.00125,
1548147512605374464,-0.00253,-0.00294,0.00078,0.74906,0.00124,-0.66250,0.00123,
1548147512884414208,-0.00285,-0.00233,0.00094,0.74908,0.00123,-0.66247,0.00120,
1548147513148494336,-0.00246,-0.00222,0.00058,0.74911,0.00125,-0.66245,0.00122,
1548147513402634496,-0.00275,-0.00173,0.00073,0.74909,0.00121,-0.66247,0.00120,
1548147513661764352,-0.00286,-0.00170,0.00091,0.74906,0.00121,-0.66250,0.00124,
1548147513950774272,-0.00268,-0.00176,0.00084,0.74906,0.00122,-0.66250,0.00122,
1548147514204914432,-0.00283,-0.00169,0.00085,0.74904,0.00122,-0.66252,0.00121,
1548147514459064320,-0.00292,-0.00138,0.00073,0.74903,0.00123,-0.66253,0.00118,
1548147514748084224,-0.00335,-0.00074,0.00079,0.74903,0.00119,-0.66253,0.00117,
15481475152224128,-0.00352,-0.00030,0.00086,0.74904,0.00120,-0.66252,0.00116,
1548147515256374016,-0.00383,0.00056,0.00109,0.74903,0.00118,-0.66253,0.00115,
1548147515550384384,-0.00441,0.00154,0.00140,0.74903,0.00116,-0.66253,0.00111,
1548147515804534272,-0.00428,0.00163,0.00136,0.74905,0.00115,-0.66251,0.00112,
154814751658674176,-0.00450,0.00182,0.00154,0.74904,0.00116,-0.66252,0.00110,
1548147516347714304,-0.00502,0.00232,0.00174,0.74909,0.00122,-0.66246,0.00116,
1548147516601864192,-0.00551,0.01194,0.00229,0.75006,0.00275,-0.66135,0.00280,
1548147516856014336,-0.00335,0.06531,0.00742,0.74883,0.00128,-0.66276,0.00093,
1548147517145033984,0.00527,0.13226,0.01917,0.74688,0.00269,-0.66494,0.00339,
1548147517404164096,0.00541,0.19858,0.02304,0.75002,0.00294,-0.66138,0.00582,
1548147517658314240,0.00021,0.26865,0.02579,0.75076,0.00385,-0.66055,0.00470,
1548147517947334144,-0.00789,0.35529,0.03980,0.74408,0.00310,-0.66806,0.00461,
1548147518201484288,-0.00926,0.33544,0.04272,0.73715,0.00327,-0.67571,0.00380,
1548147518455624192,-0.01100,0.32804,0.04989,0.72916,0.00479,-0.68433,0.00061,
1548147518744664320,-0.00372,0.40563,0.07623,0.72173,0.00598,-0.69215,0.00295,
1548147518998803968,-0.00637,0.60998,0.11315,0.71636,0.00660,-0.69770,0.00300,
1548147519257934080,-0.00763,0.72994,0.13755,0.70946,0.00821,-0.70470,0.00247,
1548147519546964224,-0.00563,0.48170,0.09200,0.71500,0.00832,-0.69907,0.00366,
1548147519756254208,-0.00780,0.57609,0.10683,0.71845,0.00807,-0.69553,0.00344,
1548147520424192,-0.01033,0.61964,0.10772,0.71847,0.00911,-0.69549,0.00322,
1548147520110064128,-0.01139,0.62982,0.10589,0.71756,0.00934,-0.69643,0.00262,
1548147520264534016,-0.01186,0.67028,0.11119,0.71653,0.01007,-0.69748,0.00264,
1548147520399064064,-0.01062,0.62651,0.10347,0.71803,0.00954,-0.69594,0.00262,
1548147520543574016,-0.00956,0.56832,0.09119,0.71907,0.01010,-0.69486,0.00242,
1548147520747874048,-0.00862,0.49685,0.06688,0.71427,0.01057,-0.69978,0.00345,
15481475212004224,-0.02188,1.16001,0.16927,0.70810,0.01011,-0.70603,0.00371,
1548147521151504128,-0.01985,1.04104,0.14502,0.70094,0.01056,-0.71313,0.00463,
1548147521360784128,-0.00913,0.50199,0.06828,0.69473,0.01045,-0.71919,0.00281,
1548147521525233920,-0.00537,0.37140,0.05395,0.69253,0.01085,-0.72130,0.00329,
1548147521679694080,-0.00216,0.34191,0.06147,0.69137,0.01043,-0.72242,0.00216,
1548147521799293952,-0.00337,0.64321,0.11408,0.69284,0.01069,-0.72100,0.00332,
15481475228583936,-0.01975,1.41329,0.23608,0.69598,0.01057,-0.71797,0.00417,
1548147522168044032,-0.02522,1.51642,0.25173,0.69681,0.01057,-0.71717,0.00450,
1548147522317543936,-0.02632,1.53244,0.25546,0.69679,0.01050,-0.71719,0.00433,
1548147522467024128,-0.03014,1.45166,0.23979,0.69717,0.00926,-0.71684,0.00293,
1548147522691273984,-0.02919,1.44970,0.24374,0.69739,0.00976,-0.71662,0.00353,
1548147522945414144,-0.02806,1.42930,0.24049,0.69753,0.00945,-0.71649,0.00340,
154814752394893824,-0.02586,1.40532,0.23700,0.69753,0.00972,-0.71648,0.00376,
1548147523264334080,-0.02662,1.35566,0.22815,0.69704,0.01019,-0.71695,0.00412,
1548147523398874112,-0.02323,1.34149,0.22888,0.69685,0.01088,-0.71711,0.00485,
1548147523478604032,-0.02085,1.32528,0.23002,0.69702,0.01049,-0.71696,0.00427,
1548147523643064064,-0.02226,1.31699,0.23631,0.69867,0.01119,-0.71534,0.00480,
1548147523897203968,-0.02255,1.43077,0.26904,0.70507,0.01078,-0.70904,0.00561,
1548147524206144000,-0.02529,1.45451,0.27978,0.71851,0.00913,-0.69544,0.00434,
1548147524305804032,-0.02977,1.47435,0.28157,0.72044,0.00924,-0.69345,0.00356,
1548147524500154112,-0.03027,1.32454,0.25238,0.72313,0.00890,-0.69065,0.00179,
1548147524739334144,-0.02445,1.11750,0.21347,0.72046,0.00941,-0.69343,0.00251,
1548147524983514112,-0.01958,0.86484,0.17375,0.72068,0.00850,-0.69321,0.00235,
1548147525123044096,-0.01875,0.83372,0.17023,0.72312,0.00834,-0.69067,0.00274,
1548147525257584128,-0.01493,0.76767,0.15527,0.72354,0.00766,-0.69023,0.00270,
1548147525382163968,-0.01606,0.72602,0.14798,0.72265,0.00741,-0.69117,0.00213,
1548147525541614080,-0.01391,0.66706,0.13903,0.71983,0.00740,-0.69411,0.00214,
1548147525641273856,-0.01479,0.60548,0.12988,0.71807,0.00808,-0.69592,0.00157,
1548147525795744000,-0.01200,0.57144,0.13046,0.71843,0.00812,-0.69555,0.00116,
1548147525940243968,-0.01224,0.55274,0.13190,0.71951,0.00798,-0.69444,0.00090,
1548147526149543936,-0.00458,0.52933,0.13254,0.72616,0.00446,-0.68751,0.00153,
1548147526313984000,-0.00995,0.54488,0.13665,0.72794,0.00679,-0.68560,0.00283,
1548147526478414080,-0.00864,0.53419,0.13391,0.73333,0.00773,-0.67982,0.00239,
1548147526647853824,-0.00530,0.43335,0.10800,0.73856,0.00537,-0.67417,0.00175,
1548147526807313920,-0.00956,0.39066,0.09024,0.74347,0.00326,-0.66875,0.00319,
154814752741513984,-0.01166,0.34611,0.06946,0.74949,0.00306,-0.66200,0.00465,
1548147527290673920,-0.01011,0.28904,0.05702,0.75549,0.00302,-0.65514,0.00405,
1548147527395313920,-0.00713,0.26466,0.05405,0.75779,0.00351,-0.65248,0.00446,
1548147527649473792,-0.00540,0.17949,0.02476,0.75613,0.00289,-0.65440,0.00507,
1548147527943493888,-0.00364,0.12380,0.01070,0.75525,0.00355,-0.65542,0.00323,
154814752892984064,-0.00797,0.05190,0.00664,0.75622,0.00366,-0.65430,0.00260,
1548147528292323840,0.00026,-0.00432,0.00725,0.75917,0.00138,-0.65089,0.00098,
1548147528546464000,-0.01316,0.00906,-0.01043,0.75845,0.00052,-0.65173,0.00068,
1548147528705923840,-0.01508,0.01060,-0.01279,0.75860,-0.00005,-0.65155,-0.00053,
1548147528895293952,-0.01522,-0.00020,-0.01174,0.75990,-0.00195,-0.65004,-0.00230,
154814752914893824,-0.00942,0.00782,-0.00948,0.75894,-0.00085,-0.65116,-0.00138,
1548147529144463872,-0.00771,0.01586,-0.00879,0.75895,-0.00075,-0.65115,-0.00091,
1548147529269043968,-0.00549,0.00820,-0.01054,0.75925,-0.00074,-0.65079,-0.00049,
1548147529403593728,-0.00685,0.00825,-0.00884,0.75904,-0.00085,-0.65104,-0.00060,
1548147529543123968,-0.00689,0.00853,-0.00870,0.75925,-0.00115,-0.65080,-0.00087,
1548147529757403904,-0.00723,0.01027,-0.00791,0.75924,-0.00124,-0.65080,-0.00084,
1548147529941783808,-0.00766,0.01074,-0.00714,0.75921,-0.00128,-0.65084,-0.00089,
1548147530185973760,-0.00832,0.01134,-0.00552,0.75918,-0.00135,-0.65088,-0.00091,
1548147530390273792,-0.00645,0.00466,-0.00684,0.75920,-0.00131,-0.65086,-0.00085,
1548147530619513856,-0.00618,0.00077,-0.00671,0.75917,-0.00128,-0.65090,-0.00089,
1548147530754063872,-0.00553,-0.00104,-0.00665,0.75912,-0.00120,-0.65095,-0.00089,
1548147530903553792,-0.00502,-0.00230,-0.00576,0.75907,-0.00120,-0.65101,-0.00085,
1548147531142753792,-0.00417,-0.00394,-0.00557,0.75901,-0.00116,-0.65108,-0.00081,
1548147531337103872,-0.00327,-0.00532,-0.00493,0.75900,-0.00106,-0.65109,-0.00070,
1548147531456713984,-0.00309,-0.00614,-0.00504,0.75897,-0.00105,-0.65112,-0.00071,
1548147531536443648,-0.00276,-0.00677,-0.00465,0.75896,-0.00103,-0.65114,-0.00069,
1548147531795573760,-0.00334,-0.00576,-0.00474,0.75890,-0.00109,-0.65121,-0.00076,
1548147531989913600,-0.00308,-0.00729,-0.00298,0.75886,-0.00105,-0.65125,-0.00072,
1548147532184253696,-0.00291,-0.00829,-0.00209,0.75883,-0.00102,-0.65129,-0.00070,
1548147532348693760,-0.00259,-0.00906,-0.00245,0.75880,-0.00101,-0.65132,-0.00067,
1548147532597853952,-0.00050,-0.00781,-0.00322,0.75884,-0.00083,-0.65127,-0.00055,
1548147532787213824,0.00064,-0.00812,-0.00437,0.75883,-0.00082,-0.65129,-0.00042,
1548147532896853760,-0.00076,-0.00757,-0.00430,0.75886,-0.00091,-0.65125,-0.00058,
154814753356313856,-0.00136,-0.00691,-0.00488,0.75886,-0.00095,-0.65125,-0.00063,
1548147533205803776,-0.00044,-0.00688,-0.00395,0.75879,-0.00084,-0.65134,-0.00055,
1548147533305463808,-0.00003,-0.00551,-0.00455,0.75881,-0.00075,-0.65131,-0.00055,
1548147533459943680,0.00038,-0.00585,-0.00349,0.75885,-0.00074,-0.65127,-0.00052,
1548147533783843840,0.00039,-0.00592,-0.00001,0.75876,-0.00084,-0.65137,-0.00045,
154814753467883776,-0.00062,-0.00729,-0.00183,0.75873,-0.00078,-0.65141,-0.00049,
1548147534182483712,0.00010,-0.00827,-0.00110,0.75872,-0.00080,-0.65142,-0.00053,
1548147534341933824,0.00021,-0.00759,-0.00011,0.75863,-0.00075,-0.65153,-0.00056,
1548147534491423744,0.00006,-0.00813,0.00098,0.75857,-0.00074,-0.65160,-0.00056,
1548147534635943680,-0.00059,-0.01147,-0.00115,0.75878,-0.00096,-0.65135,-0.00074,
1548147534845213696,0.00110,-0.00626,-0.00088,0.75871,-0.00073,-0.65143,-0.00041,
154814753534573824,-0.00031,-0.00831,0.00071,0.75873,-0.00084,-0.65140,-0.00053,
1548147535189033728,0.00125,-0.01062,-0.00091,0.75872,-0.00078,-0.65142,-0.00063,
1548147535288693760,0.00057,-0.00871,-0.00053,0.75863,-0.00069,-0.65152,-0.00054,
1548147535428223488,0.00071,-0.00907,-0.00093,0.75871,-0.00074,-0.65143,-0.00057,
1548147535567733760,0.00164,-0.00846,-0.00090,0.75860,-0.00067,-0.65155,-0.00046,
1548147535836833792,-0.00004,-0.00953,-0.00385,0.75874,-0.00075,-0.65140,-0.00056,
154814753685993728,-0.00052,-0.00995,-0.00313,0.75868,-0.00080,-0.65147,-0.00058,
1548147536305243648,-0.00066,-0.00896,-0.00315,0.75866,-0.00082,-0.65148,-0.00056,
1548147536439783936,-0.00125,-0.00645,-0.00580,0.75876,-0.00086,-0.65137,-0.00063,
1548147536644083712,-0.00115,-0.00565,-0.00532,0.75874,-0.00084,-0.65139,-0.00062,
1548147536723823872,-0.00115,-0.00531,-0.00504,0.75874,-0.00083,-0.65140,-0.00062,
1548147536883283712,-0.00116,-0.00456,-0.00453,0.75875,-0.00083,-0.65138,-0.00063,
154814753747723776,-0.00124,-0.00383,-0.00425,0.75875,-0.00085,-0.65138,-0.00066,
1548147537207183616,-0.00126,-0.00299,-0.00386,0.75872,-0.00085,-0.65141,-0.00066,
1548147537356683776,-0.00136,-0.00218,-0.00339,0.75871,-0.00084,-0.65142,-0.00067,
1548147537536063744,-0.00154,-0.00159,-0.00359,0.75872,-0.00086,-0.65142,-0.00067,
1548147537700513536,-0.00202,-0.00322,-0.00577,0.75882,-0.00091,-0.65130,-0.00070,
1548147537884873728,-0.00239,-0.00285,-0.00562,0.75887,-0.00093,-0.65124,-0.00071,
154814753844333824,-0.00339,0.00144,-0.00565,0.75953,-0.00076,-0.65047,-0.00104,
1548147538278533632,-0.00527,0.04122,-0.00159,0.75937,0.00071,-0.65066,0.00054,
1548147538477853440,-0.00606,0.11594,0.00491,0.75657,-0.00006,-0.65392,0.00041,
1548147538637303552,-0.00456,0.13988,0.00950,0.75634,0.00001,-0.65418,0.00110,
1548147538936303616,-0.00562,0.22585,0.02665,0.75997,-0.00064,-0.64995,0.00214,
1548147539140603648,-0.00622,0.30127,0.03352,0.75909,0.00086,-0.65099,0.00184,
1548147539250243584,-0.00472,0.33365,0.03717,0.75849,0.00141,-0.65168,0.00289,
1548147539444583680,-0.00374,0.39487,0.04746,0.75468,0.00091,-0.65608,0.00290,
1548147539544243456,-0.00883,0.43653,0.05471,0.75179,0.00090,-0.65940,0.00254,
1548147539748563456,-0.00968,0.51758,0.07370,0.74613,0.00138,-0.66579,0.00075,
1548147539898043648,-0.00931,0.58041,0.09268,0.74107,0.00339,-0.67142,-0.00044,
154814754087393536,-0.00769,0.64604,0.11618,0.73613,0.00506,-0.67682,0.00004,
1548147540276753664,-0.00247,0.68426,0.13627,0.73282,0.00415,-0.68041,0.00087,
1548147540446193664,0.00044,0.73026,0.15018,0.72923,0.00402,-0.68426,0.00183,
1548147540635543552,-0.00910,0.81321,0.16919,0.72434,0.00712,-0.68941,0.00003,
1548147540874723584,-0.00242,0.87138,0.17749,0.72345,0.00601,-0.69035,-0.00005,
154814754144153600,-0.00656,0.96541,0.19014,0.72471,0.00577,-0.68903,0.00048,
1548147541288313600,-0.00679,1.04350,0.19593,0.72828,0.00545,-0.68526,0.00065,
1548147541422863360,-0.00916,1.09697,0.19575,0.72776,0.00656,-0.68581,0.00076,
1548147541577333504,-0.00965,1.15069,0.19097,0.72561,0.00728,-0.68806,0.00032,
1548147541741783552,-0.00840,1.20926,0.19554,0.72313,0.00771,-0.69067,0.00004,
1548147541896263680,-0.00816,1.26284,0.20509,0.72342,0.00813,-0.69036,0.00025,
154814754245753600,-0.01099,1.31500,0.21227,0.72476,0.00807,-0.68895,0.00041,
1548147542200223488,-0.01077,1.37539,0.20787,0.72202,0.00876,-0.69182,0.00069,
1548147542354703616,-0.00971,1.45276,0.21043,0.71912,0.00775,-0.69484,0.00119,
1548147542459353344,-0.00891,1.50697,0.21488,0.71525,0.00834,-0.69881,0.00228,
1548147542628783360,-0.01226,1.59616,0.22750,0.70841,0.00866,-0.70574,0.00190,
1548147542877943552,-0.00710,1.62924,0.24454,0.70327,0.00847,-0.71087,0.00150,
154814754377263616,-0.01275,1.69095,0.25880,0.70165,0.00788,-0.71248,0.00110,
1548147543276573440,-0.00819,1.71220,0.26823,0.70125,0.00908,-0.71285,0.00295,
1548147543530723584,-0.00157,1.73947,0.28633,0.70120,0.00933,-0.71289,0.00351,
1548147543735043584,-0.01269,1.83347,0.28846,0.70029,0.00958,-0.71379,0.00276,
1548147543934363648,-0.01181,1.85567,0.29149,0.69960,0.01090,-0.71444,0.00421,
154814754473893632,-0.01295,1.84997,0.29067,0.69983,0.01047,-0.71423,0.00344,
1548147544173563392,-0.01116,1.84483,0.28924,0.69990,0.00992,-0.71416,0.00309,
1548147544328043520,-0.01001,1.84535,0.28758,0.69982,0.01068,-0.71423,0.00377,
1548147544457593344,-0.01081,1.84445,0.28683,0.69988,0.01046,-0.71417,0.00355,
1548147544636963584,-0.01286,1.84078,0.28449,0.69998,0.01043,-0.71407,0.00355,
1548147544846253312,-0.01478,1.83733,0.28177,0.70014,0.01039,-0.71393,0.00338,
154814754540583424,-0.01623,1.82706,0.27993,0.69974,0.01045,-0.71431,0.00303,
1548147545175133440,-0.01448,1.79337,0.28045,0.70070,0.01043,-0.71338,0.00317,
1548147545374453504,-0.01486,1.72294,0.28001,0.70246,0.01034,-0.71165,0.00279,
1548147545479083520,-0.01516,1.68288,0.28000,0.70367,0.00945,-0.71046,0.00237,
1548147545648503552,-0.01435,1.61405,0.27546,0.70965,0.00825,-0.70451,0.00090,
1548147545832873472,-0.01195,1.52586,0.26209,0.71630,0.00851,-0.69774,0.00155,
1548147545927543296,-0.01037,1.48318,0.25679,0.71873,0.00930,-0.69522,0.00166,
154814754682023424,-0.00704,1.42130,0.24657,0.72081,0.01077,-0.69305,0.00157,
1548147546251453440,-0.01416,1.36501,0.23381,0.72149,0.00879,-0.69237,0.00001,
1548147546450773504,-0.01670,1.28770,0.21534,0.72037,0.00883,-0.69354,0.00017,
1548147546635153408,-0.00957,1.21355,0.21631,0.72341,0.00813,-0.69037,0.00058,
1548147546924173312,-0.00827,1.10222,0.19996,0.72582,0.00636,-0.68785,0.00030,
154814754793593344,-0.00894,1.04408,0.19003,0.72437,0.00581,-0.68939,-0.00009,
1548147547372663552,-0.01179,0.93599,0.18009,0.72118,0.00572,-0.69272,-0.00094,
1548147547581953536,-0.00817,0.83853,0.17794,0.72298,0.00566,-0.69085,-0.00120,
1548147547870973440,-0.00042,0.70752,0.16548,0.72810,0.00498,-0.68545,0.00194,
154814754825453312,-0.00482,0.63951,0.14573,0.73183,0.00473,-0.68147,0.00029,
1548147548219793408,-0.00454,0.53721,0.12802,0.73872,0.00438,-0.67399,-0.00094,
1548147548429083392,-0.00291,0.47368,0.10926,0.74402,0.00196,-0.66816,0.00022,
1548147548588533504,-0.00462,0.42264,0.09058,0.74754,0.00159,-0.66422,0.00189,
1548147548668263424,-0.00949,0.39504,0.08374,0.74928,0.00155,-0.66225,0.00209,
1548147548772893440,-0.00530,0.36604,0.07142,0.75259,0.00158,-0.65848,0.00267,
1548147548922393344,0.00122,0.29707,0.05289,0.75609,0.00184,-0.65446,0.00239,
154814754971903488,0.00027,0.22260,0.02781,0.75906,0.00163,-0.65102,0.00184,
1548147549276203520,0.00414,0.13166,-0.00540,0.75824,0.00060,-0.65197,0.00230,
1548147549430683392,-0.00895,0.08736,-0.01378,0.75688,0.00025,-0.65356,0.00146,
1548147549575193344,-0.01237,0.02545,-0.02448,0.75617,0.00023,-0.65437,0.00003,
1548147549739633408,-0.01323,-0.05286,-0.02921,0.75806,0.00061,-0.65218,-0.00033,
1548147549869193216,-0.01180,-0.11385,-0.03893,0.75974,0.00024,-0.65022,-0.00064,
154814755073503232,-0.01542,-0.16214,-0.05968,0.76203,-0.00074,-0.64754,-0.00215,
1548147550282793216,-0.02409,-0.12793,-0.08476,0.76036,-0.00061,-0.64950,-0.00124,
1548147550526973184,-0.01867,-0.08043,-0.06471,0.76251,-0.00223,-0.64697,-0.00188,
1548147550830953472,-0.01795,-0.11874,-0.07636,0.76208,-0.00167,-0.64748,-0.00121,
154814755130283264,-0.01288,-0.11619,-0.06972,0.76189,-0.00179,-0.64770,-0.00144,
1548147551324283392,-0.01371,-0.11341,-0.07037,0.76204,-0.00181,-0.64753,-0.00126,
1548147551573443328,-0.01449,-0.11337,-0.06992,0.76209,-0.00197,-0.64746,-0.00135,
1548147551927243264,-0.01328,-0.11100,-0.06623,0.76206,-0.00198,-0.64750,-0.00130,
1548147552126583296,-0.01275,-0.11611,-0.06500,0.76204,-0.00193,-0.64753,-0.00130,
1548147552281053184,-0.01181,-0.10719,-0.06103,0.76196,-0.00190,-0.64762,-0.00127,
1548147552490343424,-0.00933,-0.10107,-0.05619,0.76179,-0.00177,-0.64783,-0.00112,
1548147552629873152,-0.00338,-0.03813,-0.04328,0.76175,-0.00150,-0.64787,-0.00072,
1548147552814243328,-0.00081,-0.04087,-0.03917,0.76172,-0.00146,-0.64791,-0.00070,
154814755323543296,-0.00346,-0.01929,-0.03458,0.76155,-0.00159,-0.64810,-0.00086,
1548147553277683200,-0.00238,-0.02568,-0.03671,0.76159,-0.00153,-0.64806,-0.00083,
1548147553541783296,-0.00349,-0.02177,-0.03484,0.76156,-0.00150,-0.64809,-0.00096,
1548147553815873024,0.00216,-0.03084,-0.03149,0.76141,-0.00127,-0.64827,-0.00061,
154814755474993152,-0.00689,-0.01783,-0.03319,0.76139,-0.00171,-0.64829,-0.00116,
1548147554264353280,-0.00620,-0.01944,-0.03027,0.76130,-0.00164,-0.64839,-0.00121,
1548147554473663232,-0.01152,-0.01198,-0.03042,0.76125,-0.00189,-0.64845,-0.00150,
1548147554672983296,-0.00674,-0.00891,-0.03138,0.76125,-0.00167,-0.64845,-0.00114,
1548147554842423296,-0.00649,-0.01776,-0.02978,0.76119,-0.00175,-0.64853,-0.00123,
154814755576633088,-0.00833,-0.02613,-0.02851,0.76107,-0.00176,-0.64866,-0.00141,
1548147555216153088,-0.00636,-0.01280,-0.02583,0.76135,-0.00200,-0.64834,-0.00163,
1548147555520133376,-0.00229,0.00991,-0.02395,0.76188,0.00073,-0.64771,0.00101,
1548147555664653312,-0.00171,0.05774,-0.01550,0.75974,0.00024,-0.65023,0.00048,
1548147555868953344,-0.00853,0.17671,0.00322,0.75868,-0.00126,-0.65147,0.00025,
1548147555978593024,-0.00942,0.23873,0.01769,0.75991,-0.00159,-0.65002,0.00055,
1548147556272603392,-0.01199,0.34811,0.03489,0.75877,-0.00169,-0.65136,-0.00002,
1548147556531723264,-0.00567,0.48129,0.06254,0.75724,-0.00055,-0.65313,0.00266,
1548147556671243264,-0.00383,0.52643,0.06262,0.75196,-0.00031,-0.65920,0.00228,
1548147556865593088,-0.01651,0.70210,0.09708,0.74588,0.00157,-0.66608,-0.00066,
154814755774863104,-0.01449,0.81051,0.12845,0.73906,0.00434,-0.67363,-0.00034,
1548147557314063104,-0.00652,0.91593,0.16649,0.73360,0.00425,-0.67956,0.00186,
1548147557513383168,-0.01790,1.00671,0.18761,0.72901,0.00405,-0.68449,-0.00116,
1548147557662883072,-0.01985,1.08043,0.20040,0.72607,0.00520,-0.68760,-0.00009,
1548147557817363200,-0.02349,1.14567,0.21165,0.72607,0.00565,-0.68760,0.00058,
154814755816673024,-0.02196,1.21854,0.22668,0.72993,0.00506,-0.68350,0.00038,
1548147558215993088,-0.02167,1.31553,0.23157,0.72969,0.00623,-0.68375,0.00048,
1548147558415323136,-0.02494,1.42133,0.23666,0.72602,0.00702,-0.68764,-0.00039,
1548147558619623168,-0.02546,1.52336,0.24680,0.72559,0.00762,-0.68808,-0.00003,
1548147558749173248,-0.02897,1.56822,0.26121,0.72635,0.00753,-0.68729,0.00020,
1548147558878733056,-0.02922,1.64070,0.25943,0.72120,0.00791,-0.69268,0.00104,
154814755948173312,-0.02881,1.71539,0.25823,0.71781,0.00718,-0.69620,0.00131,
1548147559212613120,-0.02754,1.87962,0.28443,0.71023,0.00702,-0.70393,-0.00020,
1548147559337192960,-0.02918,1.92105,0.29223,0.70729,0.00777,-0.70688,0.00095,
1548147559486693120,-0.02790,1.92244,0.30257,0.70486,0.00782,-0.70931,0.00086,
1548147559720903168,-0.01863,2.00672,0.31756,0.70246,0.00842,-0.71167,0.00243,
1548147559920232960,-0.01726,2.11393,0.33637,0.70313,0.01009,-0.71098,0.00309,
154814756059773184,-0.02074,2.08457,0.33272,0.70323,0.01034,-0.71088,0.00322,
1548147560318893312,-0.02004,2.09379,0.33647,0.70284,0.00883,-0.71129,0.00227,
1548147560473363200,-0.02608,2.08106,0.33234,0.70237,0.00847,-0.71176,0.00198,
1548147560672712960,-0.02857,2.06727,0.33101,0.70247,0.00872,-0.71166,0.00220,
1548147560961733120,-0.02528,2.06730,0.33099,0.70226,0.00905,-0.71186,0.00273,
1548147561210893056,-0.02601,2.07195,0.33038,0.70229,0.00859,-0.71184,0.00240,
1548147561420193024,-0.02307,2.07225,0.32957,0.70229,0.00866,-0.71183,0.00252,
1548147561579653120,-0.02264,2.07505,0.32836,0.70225,0.00874,-0.71188,0.00264,
1548147561734142976,-0.02234,2.07649,0.32697,0.70225,0.00867,-0.71188,0.00258,
1548147561973333248,-0.02199,2.06254,0.32691,0.70232,0.00887,-0.71180,0.00258,
1548147562157712896,-0.03292,2.02974,0.32808,0.70387,0.00823,-0.71028,0.00205,
1548147562317182976,-0.03074,1.99399,0.32648,0.70578,0.00843,-0.70838,0.00219,
1548147562571323136,-0.02313,1.87208,0.32331,0.71424,0.00857,-0.69984,0.00275,
1548147562820503040,-0.02566,1.74943,0.29661,0.72075,0.00884,-0.69314,0.00121,
154814756374652928,-0.02932,1.60312,0.26464,0.72388,0.00861,-0.68987,0.00001,
1548147563318843136,-0.02654,1.46920,0.25778,0.72542,0.00728,-0.68826,-0.00060,
1548147563513193216,-0.02650,1.36723,0.24958,0.72857,0.00626,-0.68494,0.00022,
1548147563687612928,-0.03172,1.29423,0.23622,0.72727,0.00515,-0.68633,-0.00070,
1548147563881963008,-0.02487,1.21505,0.22926,0.72412,0.00590,-0.68965,-0.00045,
154814756471332864,-0.01790,1.12299,0.22617,0.72484,0.00581,-0.68889,-0.00068,
1548147564360363008,-0.01192,0.97266,0.21584,0.73125,0.00332,-0.68210,0.00183,
1548147564614502912,-0.02002,0.82344,0.17845,0.73751,0.00628,-0.67530,0.00058,
1548147564858682880,-0.01009,0.67428,0.14687,0.74742,0.00159,-0.66434,0.00057,
1548147564938402816,-0.00994,0.63453,0.12939,0.74926,0.00128,-0.66227,0.00167,
1548147565157662976,-0.01168,0.54312,0.10569,0.75502,0.00191,-0.65569,0.00364,
1548147565287222784,-0.00380,0.48200,0.08926,0.75899,0.00192,-0.65109,0.00310,
1548147565461652992,-0.01002,0.39701,0.06133,0.75971,-0.00023,-0.65026,0.00197,
1548147565616132864,-0.01111,0.33595,0.03950,0.75864,0.00036,-0.65150,0.00267,
1548147565830412800,-0.01178,0.22311,0.01931,0.75655,0.00195,-0.65393,0.00193,
1548147565979902976,-0.01143,0.12833,0.01257,0.75911,0.00160,-0.65096,0.00082,
1548147566209143040,-0.00689,0.04690,0.00042,0.76268,-0.00106,-0.64677,-0.00136,
1548147566468282880,-0.02643,0.07813,-0.02395,0.76017,-0.00067,-0.64972,-0.00170,
1548147566662622976,-0.02010,0.07498,-0.00982,0.76049,-0.00092,-0.64935,-0.00110,
1548147566812132864,-0.01757,0.05354,-0.00900,0.76188,-0.00182,-0.64772,-0.00172,
1548147566971602944,-0.01439,0.06192,-0.00809,0.76040,-0.00087,-0.64946,-0.00099,
1548147567141022976,-0.01562,0.05968,-0.00903,0.76102,-0.00152,-0.64872,-0.00124,
1548147567285532928,-0.01581,0.06252,-0.00704,0.76067,-0.00125,-0.64913,-0.00103,
1548147567459932928,-0.01601,0.06101,-0.00594,0.76085,-0.00135,-0.64892,-0.00106,
1548147567659262976,-0.01665,0.06082,-0.00506,0.76081,-0.00142,-0.64897,-0.00113,
1548147567813722880,-0.01671,0.06130,-0.00417,0.76078,-0.00146,-0.64900,-0.00111,
1548147567968202752,-0.01653,0.06178,-0.00308,0.76073,-0.00150,-0.64907,-0.00110,
1548147568172513024,-0.01570,0.06264,-0.00156,0.76070,-0.00150,-0.64910,-0.00108,
1548147568361872896,-0.01491,0.06383,-0.00010,0.76064,-0.00146,-0.64917,-0.00106,
1548147568591092736,-0.01395,0.06544,0.00137,0.76056,-0.00136,-0.64927,-0.00104,
1548147568725633024,-0.01355,0.06663,0.00233,0.76056,-0.00135,-0.64926,-0.00103,
1548147568870152960,-0.01295,0.06831,0.00347,0.76063,-0.00128,-0.64919,-0.00102,
1548147569104353024,-0.01551,0.09216,0.00039,0.76184,-0.00080,-0.64776,-0.00074,
1548147569278772736,-0.01298,0.14306,0.00592,0.75998,-0.00078,-0.64994,-0.00035,
1548147569463152896,-0.01510,0.20623,0.02264,0.75944,-0.00055,-0.65058,0.00016,
1548147569632572928,-0.01303,0.28848,0.03498,0.75947,-0.00119,-0.65054,0.00118,
1548147569762142976,-0.01366,0.35173,0.04424,0.76127,-0.00205,-0.64844,0.00100,
1548147569906662912,-0.02144,0.42441,0.05226,0.75920,-0.00153,-0.65086,-0.00035,
154814757066122752,-0.02189,0.49570,0.06031,0.75956,-0.00117,-0.65043,0.00084,
1548147570275402752,-0.01691,0.61089,0.07724,0.75337,-0.00124,-0.65760,0.00112,
1548147570474753024,-0.02186,0.69607,0.09526,0.74736,0.00128,-0.66442,-0.00015,
1548147570659122944,-0.02517,0.78056,0.11804,0.74151,0.00397,-0.67093,-0.00125,
1548147570813602816,-0.01692,0.85438,0.14902,0.73625,0.00473,-0.67669,0.00083,
154814757157793024,-0.01333,0.94695,0.17797,0.73273,0.00355,-0.68051,0.00176,
1548147571301992960,-0.01812,1.06831,0.20264,0.72713,0.00537,-0.68648,-0.00019,
1548147571511292672,-0.01620,1.15668,0.22422,0.72735,0.00503,-0.68624,0.00040,
1548147571780392960,-0.01738,1.27259,0.23685,0.73099,0.00571,-0.68237,0.00037,
1548147571979722752,-0.02104,1.37972,0.23367,0.72877,0.00744,-0.68472,-0.00026,
1548147572154152960,-0.02365,1.47419,0.23843,0.72598,0.00798,-0.68767,-0.00032,
1548147572288702720,-0.02323,1.54336,0.25072,0.72631,0.00799,-0.68732,0.00076,
1548147572453152768,-0.02713,1.61556,0.25566,0.72683,0.00783,-0.68678,-0.00002,
1548147572562802688,-0.02438,1.67263,0.25556,0.72251,0.00758,-0.69132,0.00036,
1548147572662472704,-0.02479,1.71060,0.25546,0.72117,0.00714,-0.69273,0.00015,
1548147572811982848,-0.02555,1.78385,0.27165,0.71624,0.00772,-0.69781,0.00021,
15481475736332928,-0.02643,1.83944,0.28526,0.71091,0.00792,-0.70323,0.00013,
1548147573165802752,-0.02433,1.88341,0.29934,0.70807,0.00854,-0.70609,0.00049,
1548147573315302912,-0.02232,1.92659,0.30827,0.70633,0.00856,-0.70784,0.00048,
1548147573514652672,-0.02214,1.97421,0.31528,0.70462,0.00845,-0.70954,0.00044,
1548147573758842624,-0.02160,2.00701,0.32591,0.70336,0.00806,-0.71079,0.00073,
1548147573888402688,-0.02414,2.00804,0.32647,0.70389,0.00851,-0.71026,0.00099,
1548147574107672576,-0.02085,2.02334,0.32721,0.70366,0.00846,-0.71049,0.00075,
1548147574356832768,-0.02209,2.02470,0.32623,0.70328,0.00900,-0.71085,0.00163,
1548147574605992704,-0.02789,2.02631,0.32490,0.70304,0.00894,-0.71109,0.00136,
1548147574820262656,-0.02841,2.02496,0.32429,0.70309,0.00865,-0.71104,0.00115,
154814757554492672,-0.02884,2.02288,0.32478,0.70302,0.00871,-0.71112,0.00129,
1548147575179072512,-0.02909,2.02180,0.32456,0.70302,0.00870,-0.71112,0.00125,
1548147575303642624,-0.02922,2.02062,0.32419,0.70296,0.00877,-0.71118,0.00131,
1548147575502982656,-0.02867,2.01031,0.32330,0.70245,0.00863,-0.71168,0.00098,
1548147575757132800,-0.01960,1.95751,0.32094,0.70497,0.00932,-0.70918,0.00151,
154814757611292672,-0.01769,1.85972,0.31706,0.70932,0.00849,-0.70483,0.00088,
1548147576310292736,-0.01816,1.69256,0.29791,0.72250,0.01003,-0.69130,0.00221,
1548147576514612736,-0.02479,1.59824,0.27086,0.72506,0.00917,-0.68862,0.00099,
1548147576708972800,-0.02292,1.50982,0.25987,0.72446,0.00926,-0.68925,0.00021,
1548147576858482688,-0.02116,1.43108,0.25188,0.72599,0.00852,-0.68765,-0.00007,
1548147577202342656,-0.01748,1.26991,0.23366,0.72851,0.00669,-0.68500,0.00136,
1548147577371762688,-0.01729,1.19992,0.22365,0.72543,0.00655,-0.68826,0.00068,
1548147577551162624,-0.01662,1.11333,0.21639,0.72438,0.00642,-0.68937,-0.00034,
1548147577720592640,-0.01888,1.02264,0.21931,0.72618,0.00622,-0.68748,-0.00076,
1548147577904972544,-0.01371,0.92308,0.21128,0.73184,0.00376,-0.68147,0.00147,
154814757899312640,-0.01064,0.82054,0.18659,0.73491,0.00589,-0.67814,0.00087,
1548147578273742592,-0.01391,0.70294,0.15942,0.74319,0.00415,-0.66907,-0.00032,
1548147578458122752,-0.00711,0.60830,0.13015,0.74946,0.00108,-0.66205,0.00143,
1548147578697322496,-0.01724,0.49705,0.09398,0.75630,0.00164,-0.65421,0.00358,
15481475791312768,-0.00362,0.36553,0.05614,0.76015,0.00082,-0.64973,0.00378,
1548147579305292544,-0.01034,0.19402,0.00604,0.75833,0.00303,-0.65186,0.00311,
1548147579474742528,-0.00544,0.10215,-0.00500,0.75957,0.00300,-0.65041,0.00216,
1548147579669102592,-0.00162,0.00240,-0.01526,0.76228,0.00129,-0.64725,0.00091,
1548147579853502464,-0.00667,0.02525,-0.02413,0.76104,-0.00000,-0.64870,-0.00034,
154814758067772672,-0.01368,0.03906,-0.03086,0.76042,0.00027,-0.64943,0.00002,
1548147580302002688,-0.00606,0.01892,-0.02540,0.76143,0.00029,-0.64824,0.00016,
1548147580516282624,-0.00520,0.01781,-0.02470,0.76133,-0.00043,-0.64837,-0.00047,
1548147580650822656,-0.00663,0.01756,-0.02869,0.76148,-0.00073,-0.64819,-0.00060,
1548147580850142464,-0.00656,0.01615,-0.02702,0.76152,-0.00049,-0.64814,-0.00032,
154814758154462720,-0.00713,0.01409,-0.02636,0.76172,-0.00086,-0.64790,-0.00063,
1548147581303622400,-0.00772,0.01314,-0.02483,0.76165,-0.00084,-0.64799,-0.00053,
1548147581497972480,-0.00714,0.01259,-0.02351,0.76161,-0.00085,-0.64803,-0.00049,
1548147581677352704,-0.00651,0.01219,-0.02185,0.76152,-0.00082,-0.64814,-0.00051,
1548147581856762624,-0.00594,0.01152,-0.02017,0.76147,-0.00075,-0.64820,-0.00043,
154814758246122496,-0.00548,0.01087,-0.01812,0.76138,-0.00072,-0.64830,-0.00040,
1548147582300262400,-0.00449,0.01039,-0.01561,0.76128,-0.00063,-0.64842,-0.00036,
1548147582404902400,-0.00340,0.01072,-0.01528,0.76126,-0.00057,-0.64844,-0.00035,
1548147582559382528,-0.00242,0.01117,-0.01459,0.76123,-0.00053,-0.64848,-0.00031,
1548147582693932544,-0.00214,0.01095,-0.01292,0.76120,-0.00052,-0.64852,-0.00031,
1548147582843422464,-0.00172,0.01095,-0.01113,0.76113,-0.00051,-0.64860,-0.00029,
154814758367662592,0.00029,0.01226,-0.01083,0.76102,-0.00042,-0.64873,-0.00014,
1548147583311842560,0.00140,0.01327,-0.00914,0.76100,-0.00035,-0.64875,-0.00006,
1548147583496222464,0.00264,0.01398,-0.00886,0.76102,-0.00028,-0.64873,-0.00002,
1548147583750362368,0.00340,0.01444,-0.00848,0.76100,-0.00019,-0.64876,0.00001,
154814758494192384,0.00407,0.01455,-0.01417,0.76120,-0.00015,-0.64851,0.00004,
1548147584298492416,0.00428,0.01424,-0.01650,0.76127,-0.00009,-0.64843,0.00000,
1548147584492832512,0.00244,0.01379,-0.01587,0.76131,-0.00025,-0.64838,-0.00012,
1548147584662262528,0.00416,0.01424,-0.01726,0.76127,-0.00016,-0.64844,0.00005,
1548147584946302464,0.00372,0.01266,-0.01605,0.76132,-0.00013,-0.64838,0.00002,
1548147585195452416,0.00270,0.01226,-0.01331,0.76129,-0.00018,-0.64841,-0.00010,
1548147585394772480,0.00195,0.01178,-0.01197,0.76124,-0.00026,-0.64847,-0.00015,
1548147585653902592,0.00420,0.01235,-0.01491,0.76131,-0.00007,-0.64839,-0.00001,
1548147585942932480,0.00457,0.01400,-0.01169,0.76122,-0.00005,-0.64850,-0.00001,
1548147586117342464,0.00528,0.01483,-0.01359,0.76122,-0.00003,-0.64849,0.00004,
1548147586361522432,0.00399,0.01551,-0.01244,0.76118,-0.00002,-0.64854,-0.00004,
1548147586600712448,0.00461,0.01219,-0.01392,0.76130,-0.00012,-0.64840,0.00004,
1548147586939592448,0.00369,0.01433,-0.01100,0.76115,-0.00004,-0.64858,0.00004,
1548147587198722304,0.00498,0.01513,-0.01018,0.76113,0.00002,-0.64859,0.00001,
1548147587442902272,0.00510,0.01425,-0.01130,0.76118,-0.00005,-0.64854,0.00000,
1548147587652212480,0.00530,0.01653,-0.01027,0.76118,0.00001,-0.64855,-0.00007,
1548147587811682560,0.00210,0.01976,-0.01061,0.76219,-0.00098,-0.64735,-0.00142,
1548147587961172224,-0.00150,0.05224,-0.00677,0.76154,0.00270,-0.64811,0.00206,
1548147588195392256,0.00376,0.13717,0.00206,0.75990,0.00076,-0.65004,0.00047,
1548147588489412352,-0.00252,0.25871,0.02914,0.76003,0.00118,-0.64988,0.00324,
1548147588738582272,0.00162,0.37533,0.04126,0.76038,-0.00001,-0.64948,0.00118,
1548147588838242304,0.00110,0.42496,0.04659,0.76332,0.00014,-0.64602,0.00126,
15481475892692352,0.00123,0.51001,0.06098,0.75712,0.00001,-0.65327,0.00217,
1548147589162152192,-0.00354,0.61098,0.07578,0.75093,0.00037,-0.66038,0.00077,
1548147589346532352,-0.01023,0.70272,0.10862,0.74509,0.00228,-0.66696,-0.00145,
1548147589505992448,-0.01143,0.78043,0.12852,0.73962,0.00333,-0.67301,-0.00200,
1548147589710322432,-0.00734,0.87274,0.16332,0.73529,0.00339,-0.67775,0.00024,
1548147589994362368,-0.00722,1.02752,0.20832,0.72808,0.00394,-0.68547,-0.00222,
1548147590188712448,-0.00919,1.14300,0.22002,0.72560,0.00415,-0.68810,-0.00211,
1548147590442852352,-0.00710,1.25125,0.24885,0.72992,0.00404,-0.68352,-0.00045,
1548147590741832192,-0.01402,1.39709,0.23981,0.72902,0.00467,-0.68448,-0.00225,
1548147590941182464,-0.02130,1.50531,0.25069,0.72579,0.00536,-0.68788,-0.00319,
1548147591145482240,-0.01413,1.61385,0.27398,0.72687,0.00533,-0.68675,-0.00180,
1548147591290012416,-0.01888,1.68861,0.27518,0.72476,0.00611,-0.68897,-0.00249,
1548147591504292352,-0.01824,1.80041,0.26785,0.71863,0.00536,-0.69537,-0.00134,
1548147591748462080,-0.01992,1.94106,0.29770,0.70860,0.00625,-0.70558,-0.00179,
1548147591897962240,-0.01755,1.97605,0.31851,0.70610,0.00649,-0.70808,-0.00111,
1548147592152112128,-0.01562,2.07988,0.33453,0.70421,0.00828,-0.70995,0.00189,
1548147592306602240,-0.01147,2.06772,0.33634,0.70407,0.00988,-0.71005,0.00304,
1548147592490982400,-0.00799,2.07553,0.33281,0.70394,0.00860,-0.71021,0.00188,
1548147592735162368,-0.00974,2.06793,0.32961,0.70393,0.00798,-0.71023,0.00109,
1548147592999282432,-0.00962,2.08100,0.32804,0.70349,0.00817,-0.71066,0.00107,
1548147593208572160,-0.00945,2.08064,0.32877,0.70364,0.00848,-0.71050,0.00158,
1548147593437812224,-0.00983,2.08346,0.32837,0.70365,0.00871,-0.71049,0.00180,
1548147593552412160,-0.00996,2.08319,0.32775,0.70372,0.00858,-0.71043,0.00176,
1548147593736802304,-0.01048,2.08675,0.32840,0.70364,0.00851,-0.71050,0.00185,
1548147593990942208,-0.00930,2.08719,0.32827,0.70360,0.00866,-0.71054,0.00201,
1548147594200242176,-0.00959,2.08642,0.32718,0.70359,0.00863,-0.71055,0.00190,
1548147594399562240,-0.00915,2.08777,0.32775,0.70364,0.00874,-0.71050,0.00214,
1548147594539102208,-0.00840,2.08839,0.32676,0.70367,0.00877,-0.71047,0.00219,
1548147594698562048,-0.00962,2.08746,0.32708,0.70364,0.00871,-0.71050,0.00206,
1548147594887922176,-0.00932,2.08611,0.32442,0.70367,0.00865,-0.71047,0.00201,
1548147594967642368,-0.01003,2.08647,0.32505,0.70367,0.00874,-0.71047,0.00200,
1548147595107182336,-0.01133,2.08636,0.32560,0.70361,0.00857,-0.71053,0.00186,
1548147595286572288,-0.00847,2.08662,0.32615,0.70359,0.00877,-0.71055,0.00216,
1548147595391222272,-0.00711,2.08723,0.32612,0.70362,0.00891,-0.71052,0.00229,
1548147595540702208,-0.00961,2.08482,0.32491,0.70363,0.00875,-0.71051,0.00199,
1548147595650352128,-0.01242,2.08468,0.32565,0.70370,0.00842,-0.71044,0.00163,
1548147595844692224,-0.01002,2.08697,0.32778,0.70365,0.00877,-0.71049,0.00212,
154814759658982144,-0.01103,2.08613,0.32762,0.70360,0.00866,-0.71055,0.00192,
1548147596283232256,-0.01034,2.08528,0.32687,0.70365,0.00872,-0.71049,0.00190,
1548147596447662080,-0.00935,2.08500,0.32513,0.70361,0.00882,-0.71053,0.00201,
1548147596686862336,-0.00800,2.08474,0.32270,0.70367,0.00878,-0.71047,0.00220,
1548147596891162112,-0.00807,2.08552,0.32241,0.70347,0.00888,-0.71067,0.00213,
154814759740662016,-0.01072,2.08393,0.32481,0.70321,0.00882,-0.71093,0.00173,
1548147597239982080,-0.01049,2.04973,0.32766,0.70375,0.00865,-0.71040,0.00134,
1548147597444292096,-0.01127,1.98629,0.32754,0.70559,0.00871,-0.70857,0.00040,
1548147597553912064,-0.01103,1.94228,0.32672,0.70717,0.00870,-0.70699,-0.00006,
1548147597743272192,-0.00990,1.85233,0.31725,0.71421,0.00801,-0.69988,-0.00008,
1548147597942602240,-0.01133,1.72865,0.29876,0.72202,0.00872,-0.69182,0.00080,
1548147598102052096,-0.00835,1.65305,0.28563,0.72599,0.00896,-0.68765,-0.00045,
1548147598281452288,-0.00902,1.57265,0.27651,0.72374,0.00904,-0.69002,-0.00060,
1548147598430941952,-0.01688,1.49488,0.26251,0.72510,0.00773,-0.68860,-0.00142,
1548147598610331904,-0.01773,1.39733,0.25727,0.72806,0.00621,-0.68548,-0.00148,
1548147598774772224,-0.01589,1.31846,0.24435,0.72877,0.00492,-0.68474,-0.00130,
1548147598954152192,-0.01515,1.24158,0.23432,0.72577,0.00555,-0.68792,-0.00058,
1548147599183382016,-0.01303,1.12729,0.22296,0.72469,0.00469,-0.68906,-0.00195,
1548147599337851904,-0.01243,1.04520,0.22574,0.72665,0.00524,-0.68699,-0.00230,
1548147599487332096,-0.00338,0.95456,0.21552,0.73284,0.00277,-0.68040,-0.00031,
1548147599756432128,-0.00468,0.80810,0.17657,0.73694,0.00586,-0.67593,-0.00005,
1548147599950771968,-0.00236,0.68232,0.15578,0.74601,0.00277,-0.66593,-0.00046,
1548147600145112064,-0.00642,0.57484,0.11562,0.75163,0.00045,-0.65959,0.00085,
1548147600379322112,-0.01087,0.44908,0.07903,0.75911,0.00111,-0.65095,0.00213,
1548147600538782208,-0.00821,0.36911,0.05500,0.76004,0.00053,-0.64988,0.00138,
1548147600743081984,0.00138,0.25909,0.01213,0.76028,0.00068,-0.64959,0.00230,
1548147600947401984,0.00743,0.14572,-0.00838,0.75807,0.00194,-0.65217,0.00135,
1548147601101871872,-0.00285,0.06907,-0.01275,0.75947,0.00128,-0.65054,0.00003,
1548147601316142080,-0.00276,-0.02766,-0.02690,0.76423,-0.00003,-0.64494,-0.00104,
1548147601540382208,-0.00943,0.02111,-0.04694,0.76015,0.00021,-0.64975,-0.00014,
1548147601844371968,0.00616,0.04336,-0.02478,0.76028,0.00027,-0.64959,-0.00027,
1548147602128411904,0.00733,0.03818,-0.02142,0.76037,0.00008,-0.64949,-0.00039,
1548147602332711936,0.00456,0.04356,-0.02111,0.76129,-0.00016,-0.64841,-0.00036,
1548147602482212096,0.00436,0.04554,-0.01967,0.76081,0.00007,-0.64897,-0.00031,
1548147602691502080,0.00424,0.04495,-0.01870,0.76093,-0.00019,-0.64884,-0.00056,
1548147602860922112,0.00424,0.04392,-0.01772,0.76093,-0.00008,-0.64884,-0.00048,
154814760335342080,0.00417,0.04313,-0.01636,0.76087,-0.00007,-0.64890,-0.00051,
1548147603179842048,0.00370,0.04288,-0.01568,0.76082,-0.00003,-0.64896,-0.00054,
1548147603334321920,0.00366,0.04393,-0.01488,0.76078,-0.00001,-0.64901,-0.00065,
1548147603578491904,0.00361,0.04453,-0.01410,0.76076,-0.00003,-0.64903,-0.00069,
1548147603832632064,0.00328,0.04222,-0.01341,0.76077,-0.00003,-0.64902,-0.00074,
154814760451881984,0.00322,0.04091,-0.01228,0.76065,0.00005,-0.64916,-0.00063,
1548147604226301952,0.00403,0.03942,-0.01145,0.75967,0.00025,-0.65031,0.00039,
1548147604385762048,0.00422,0.03967,-0.01031,0.75782,0.00082,-0.65246,-0.00049,
1548147604590071808,-0.00465,0.04035,-0.00464,0.75604,0.00197,-0.65451,-0.00439,
1548147604729592064,-0.00483,0.04004,0.00352,0.75251,0.00227,-0.65854,-0.00631,
1548147604894062080,0.00728,0.04767,0.00164,0.75969,0.00077,-0.65028,0.00207,
154814760583411968,0.00416,0.08905,-0.00448,0.76000,0.00147,-0.64993,0.00064,
1548147605252841984,0.00503,0.05950,-0.01142,0.75977,0.00059,-0.65019,0.00000,
1548147605387382016,0.00667,0.03988,-0.00872,0.76138,-0.00004,-0.64831,-0.00120,
1548147605556802048,0.00748,0.04646,-0.00979,0.75996,0.00074,-0.64997,-0.00028,
1548147605736192000,0.00457,0.04123,-0.01125,0.76069,0.00058,-0.64911,-0.00020,
1548147605845831936,0.00247,0.04523,-0.01086,0.76024,0.00052,-0.64965,-0.00040,
154814760680041984,-0.00044,0.05376,-0.00871,0.76152,0.00264,-0.64814,0.00164,
1548147606229552128,0.00327,0.07990,-0.01020,0.76126,0.00007,-0.64845,-0.00117,
1548147606438841856,0.00639,0.15049,0.00275,0.75953,0.00107,-0.65047,0.00046,
1548147606593321984,-0.00034,0.22007,0.01646,0.75913,0.00162,-0.65093,0.00132,
1548147606717912064,0.00302,0.27669,0.02691,0.75987,-0.00013,-0.65007,0.00159,
1548147606897321984,0.00453,0.35594,0.03564,0.76173,0.00152,-0.64788,0.00330,
154814760781701888,0.00478,0.45804,0.04726,0.76201,0.00066,-0.64756,0.00253,
1548147607221221888,0.00547,0.54868,0.06329,0.75547,0.00081,-0.65518,0.00250,
1548147607425541888,-0.00328,0.68875,0.08685,0.74724,0.00325,-0.66455,0.00037,
1548147607580021760,-0.01042,0.76710,0.10933,0.74129,0.00516,-0.67116,-0.00045,
1548147607879001856,0.00025,0.91040,0.17298,0.73358,0.00526,-0.67958,0.00161,
1548147608232801792,-0.00641,1.14459,0.21938,0.72700,0.00692,-0.68660,0.00063,
1548147608486951936,-0.01048,1.27423,0.23999,0.73116,0.00687,-0.68217,-0.00016,
1548147608676302080,-0.01306,1.38367,0.24476,0.72873,0.00821,-0.68475,-0.00055,
1548147608805861888,-0.01270,1.47034,0.24916,0.72574,0.00921,-0.68791,-0.00074,
1548147608935421952,-0.01537,1.55416,0.25869,0.72619,0.00918,-0.68744,0.00071,
154814760950031872,-0.01865,1.62397,0.26831,0.72724,0.00976,-0.68632,0.00019,
1548147609179601920,-0.01979,1.70440,0.27093,0.72465,0.00891,-0.68906,0.00169,
1548147609334081792,-0.02346,1.81437,0.27315,0.71433,0.00868,-0.69975,0.00051,
1548147609538391808,-0.02388,1.96461,0.29745,0.70636,0.00794,-0.70781,-0.00008,
1548147609872251648,-0.02034,2.00099,0.33432,0.71130,0.00720,-0.70285,0.00151,
1548147610126401792,-0.01647,2.06014,0.34995,0.70379,0.00895,-0.71035,0.00063,
1548147610380551936,-0.01789,2.06914,0.35563,0.70367,0.01047,-0.71045,0.00169,
1548147610579891968,-0.01806,2.08305,0.34830,0.70291,0.00994,-0.71121,0.00152,
1548147610829041664,-0.02004,2.10100,0.34440,0.70255,0.01061,-0.71156,0.00209,
1548147611123062016,-0.02085,2.10092,0.34283,0.70261,0.01023,-0.71150,0.00169,
1548147611342321920,-0.02182,2.09729,0.34018,0.70273,0.01014,-0.71139,0.00183,
1548147611481851904,-0.02315,2.09659,0.33990,0.70260,0.01018,-0.71151,0.00188,
1548147611681181952,-0.02203,2.09527,0.33873,0.70282,0.01008,-0.71129,0.00208,
1548147611825691648,-0.02261,2.09714,0.33721,0.70276,0.01014,-0.71135,0.00213,
154814761274851840,-0.02385,2.09732,0.33475,0.70301,0.00986,-0.71111,0.00196,
1548147612373861888,-0.02368,2.09974,0.33344,0.70297,0.00999,-0.71114,0.00208,
1548147612493451776,-0.02396,2.09855,0.33315,0.70305,0.00996,-0.71107,0.00206,
1548147612628011776,-0.02466,2.09803,0.33233,0.70314,0.00996,-0.71098,0.00199,
1548147612782491648,-0.02526,2.09626,0.33363,0.70321,0.00980,-0.71091,0.00188,
1548147612986811904,-0.02474,2.09772,0.33128,0.70296,0.01028,-0.71115,0.00239,
1548147613221021696,-0.02319,2.08152,0.32667,0.70287,0.01053,-0.71124,0.00249,
1548147613380491776,-0.02043,2.03423,0.33038,0.70448,0.01105,-0.70963,0.00277,
1548147613534971648,-0.01855,1.98176,0.32726,0.70640,0.01117,-0.70772,0.00215,
1548147613828991744,-0.01908,1.84747,0.31653,0.71593,0.01052,-0.69809,0.00168,
1548147613973491712,-0.01822,1.76591,0.30395,0.72174,0.01153,-0.69207,0.00169,
1548147614123001856,-0.01573,1.68305,0.29572,0.72594,0.01185,-0.68766,0.00202,
1548147614277481728,-0.01473,1.60157,0.28318,0.72306,0.01234,-0.69068,0.00168,
1548147614471831808,-0.01327,1.47818,0.25767,0.72729,0.01016,-0.68626,0.00101,
1548147614721011712,-0.01369,1.34581,0.24381,0.72837,0.00846,-0.68513,0.00183,
1548147614920351744,-0.01080,1.24670,0.22606,0.72442,0.00971,-0.68928,0.00168,
1548147615129651712,-0.00318,1.10204,0.22122,0.72691,0.00960,-0.68666,0.00126,
1548147615284141824,0.00453,0.99628,0.20908,0.73358,0.00648,-0.67957,0.00294,
1548147615403721728,0.00149,0.92173,0.19303,0.73568,0.00856,-0.67728,0.00202,
1548147615568191744,-0.00275,0.83991,0.16625,0.74216,0.00913,-0.67016,0.00202,
1548147615767521536,0.00661,0.69428,0.12760,0.75146,0.00465,-0.65975,0.00355,
1548147615981811712,0.00681,0.57598,0.09053,0.75945,0.00414,-0.65054,0.00430,
1548147616171171584,0.00564,0.45544,0.05533,0.76025,0.00279,-0.64961,0.00390,
1548147616370501632,0.00963,0.34885,0.01475,0.75979,0.00408,-0.65014,0.00403,
1548147616589761792,0.01641,0.20697,-0.00741,0.76157,0.00469,-0.64806,0.00230,
1548147616729281536,0.01859,0.12661,-0.02191,0.76342,0.00256,-0.64588,0.00360,
1548147616923641600,0.00492,0.12756,-0.04606,0.76314,0.00144,-0.64624,-0.00093,
1548147617122971648,0.00213,0.16285,-0.02807,0.76184,0.00108,-0.64777,-0.00042,
1548147617322301696,0.00447,0.15660,-0.02690,0.76232,0.00103,-0.64720,-0.00051,
1548147617506681600,0.00786,0.12696,-0.02659,0.76275,0.00091,-0.64669,-0.00004,
1548147617621301760,0.00874,0.11851,-0.02579,0.76383,-0.00039,-0.64542,-0.00075,
1548147617725951744,0.00844,0.13185,-0.02793,0.76287,0.00032,-0.64655,-0.00080,
1548147617965141504,0.00528,0.12820,-0.02910,0.76314,0.00018,-0.64623,-0.00045,
1548147618174431488,0.00640,0.13006,-0.02743,0.76298,-0.00015,-0.64642,-0.00073,
1548147618373761536,0.00648,0.12883,-0.02627,0.76298,0.00004,-0.64642,-0.00044,
1548147618538211584,0.00643,0.12672,-0.02517,0.76297,-0.00003,-0.64644,-0.00060,
1548147618667771648,0.00661,0.12538,-0.02393,0.76293,-0.00003,-0.64648,-0.00060,
1548147618787361536,0.00732,0.12554,-0.02205,0.76284,0.00001,-0.64658,-0.00056,
1548147618996661760,0.00993,0.12777,-0.01755,0.76267,0.00021,-0.64679,-0.00039,
1548147619270751744,0.01385,0.13141,-0.01132,0.76248,0.00040,-0.64701,-0.00015,
1548147619564771584,0.02154,0.14505,-0.00716,0.76240,0.00086,-0.64711,0.00016,
1548147619813931776,0.02138,0.14511,-0.00662,0.76242,0.00095,-0.64708,0.00024,
1548147620117901568,0.02328,0.15792,-0.00301,0.76362,0.00259,-0.64566,0.00178,
1548147620362071552,0.02270,0.22886,0.00600,0.76183,0.00270,-0.64777,0.00156,
1548147620720881408,0.01995,0.35670,0.03270,0.76193,0.00263,-0.64764,0.00350,
1548147620980001536,0.01582,0.48910,0.05378,0.76351,0.00259,-0.64578,0.00438,
1548147621184311552,0.01699,0.60609,0.06560,0.75954,0.00296,-0.65045,0.00357,
1548147621463361536,0.01096,0.79444,0.10272,0.74868,0.00565,-0.66290,0.00305,
1548147621617841408,0.00548,0.88736,0.13193,0.74210,0.00799,-0.67024,0.00157,
1548147621802221568,0.00732,0.98718,0.15987,0.73633,0.00845,-0.67656,0.00313,
1548147621991581440,0.01089,1.08483,0.19187,0.73535,0.00748,-0.67765,0.00249,
1548147622141071616,0.00078,1.17945,0.20634,0.72845,0.00966,-0.68503,0.00187,
1548147622365311744,0.01007,1.30879,0.23276,0.72980,0.00843,-0.68360,0.00303,
1548147622574601472,-0.00423,1.42381,0.24019,0.73175,0.00913,-0.68151,0.00097,
1548147622729071616,-0.00655,1.51241,0.24390,0.72957,0.01071,-0.68383,0.00103,
1548147622918431488,-0.00642,1.62388,0.25615,0.72704,0.01150,-0.68650,0.00149,
1548147623137691392,-0.01054,1.74842,0.26913,0.72657,0.01108,-0.68700,0.00135,
1548147623317091584,-0.01000,1.88539,0.27433,0.71899,0.01025,-0.69494,0.00264,
1548147623566241536,-0.01589,2.03783,0.30477,0.70837,0.01079,-0.70576,0.00155,
1548147623765561600,-0.01685,2.13551,0.32736,0.70602,0.01055,-0.70811,0.00072,
1548147623974851328,-0.01077,2.11550,0.34463,0.70452,0.00997,-0.70962,0.00118,
1548147624169181696,-0.00706,2.12402,0.33896,0.70593,0.01001,-0.70820,0.00230,
1548147624373491456,-0.01421,2.11869,0.33020,0.70652,0.01125,-0.70760,0.00214,
1548147624527961600,-0.01624,2.12316,0.32701,0.70637,0.01078,-0.70776,0.00212,
1548147624772131328,-0.01561,2.13510,0.32611,0.70568,0.01127,-0.70844,0.00213,
1548147624966471424,-0.01531,2.13721,0.32493,0.70575,0.01099,-0.70838,0.00193,
1548147625110991360,-0.01326,2.13486,0.32584,0.70582,0.01128,-0.70830,0.00242,
1548147625310311680,-0.01385,2.13726,0.32555,0.70560,0.01104,-0.70852,0.00216,
1548147625484731392,-0.01272,2.13704,0.32406,0.70558,0.01121,-0.70854,0.00227,
1548147625684051456,-0.01213,2.13620,0.32212,0.70565,0.01128,-0.70846,0.00231,
1548147625888351488,-0.01318,2.13468,0.32011,0.70575,0.01128,-0.70837,0.00233,
154814762672721408,-0.01538,2.13290,0.31988,0.70544,0.01218,-0.70866,0.00340,
1548147626361741568,-0.01168,2.08948,0.32113,0.70615,0.01175,-0.70796,0.00349,
1548147626615881472,-0.01013,2.00698,0.31796,0.70942,0.01297,-0.70466,0.00357,
1548147626790291200,-0.00998,1.93407,0.31277,0.71387,0.01287,-0.70015,0.00357,
15481476279551616,-0.00502,1.80846,0.29806,0.72451,0.01144,-0.68917,0.00172,
1548147627258701312,-0.00878,1.68727,0.26906,0.72674,0.01195,-0.68681,0.00142,
1548147627517821184,-0.00296,1.53030,0.25408,0.72863,0.01218,-0.68479,0.00142,
1548147627747041536,0.00029,1.40611,0.23533,0.73125,0.01087,-0.68201,0.00301,
1548147627966301440,0.00697,1.30562,0.22308,0.72709,0.01162,-0.68642,0.00470,
1548147628165641216,0.00924,1.18149,0.21925,0.72767,0.01200,-0.68581,0.00312,
1548147628315131392,0.01365,1.07971,0.21392,0.73272,0.01103,-0.68043,0.00339,
1548147628489551360,0.02032,0.96689,0.19734,0.73663,0.01221,-0.67617,0.00457,
1548147628629071360,0.01529,0.89247,0.17346,0.74175,0.01287,-0.67054,0.00452,
1548147628868271360,0.02047,0.74530,0.14373,0.75113,0.00860,-0.66007,0.00589,
154814762962611456,0.01415,0.62074,0.10229,0.76009,0.00760,-0.64974,0.00664,
1548147629217081344,0.01832,0.52204,0.06491,0.76277,0.00754,-0.64659,0.00707,
1548147629426381312,0.02143,0.42720,0.03734,0.76058,0.00777,-0.64915,0.00706,
1548147629615731200,0.02098,0.32011,0.01271,0.76006,0.00919,-0.64976,0.00541,
1548147629825021184,0.02573,0.18858,-0.00683,0.76297,0.00582,-0.64639,0.00522,
154814763039311360,0.02160,0.18785,-0.01590,0.76326,0.00148,-0.64609,-0.00152,
1548147630213711360,0.00763,0.21147,-0.02824,0.76178,0.00164,-0.64783,-0.00014,
1548147630368201216,0.00587,0.22355,-0.01467,0.76237,0.00185,-0.64714,-0.00044,
1548147630532661504,0.01038,0.22613,-0.00070,0.76282,0.00108,-0.64661,-0.00016,
1548147630712051456,0.01892,0.22646,0.01031,0.76362,-0.00023,-0.64567,-0.00016,
1548147630931321344,0.01715,0.26058,0.00844,0.76283,0.00157,-0.64660,0.00105,
1548147631120681216,0.01978,0.25407,0.01002,0.76337,0.00032,-0.64596,0.00033,
1548147631310051328,0.02181,0.26061,0.01122,0.76314,0.00019,-0.64624,0.00014,
1548147631564201472,0.02540,0.25799,0.01496,0.76318,0.00032,-0.64619,0.00022,
1548147631808391424,0.02452,0.26192,0.01864,0.76316,0.00038,-0.64621,-0.00002,
1548147632107371264,0.02810,0.26640,0.01828,0.76317,0.00068,-0.64620,0.00012,
1548147632406381312,0.03085,0.26716,0.02019,0.76309,0.00092,-0.64629,0.00013,
1548147632560861440,0.02979,0.26617,0.02063,0.76304,0.00099,-0.64635,0.00010,
1548147632645561344,0.02995,0.26696,0.01953,0.76307,0.00097,-0.64631,0.00010,
1548147632775131136,0.02989,0.27244,0.01801,0.76321,0.00105,-0.64615,0.00006,
15481476339351168,0.02848,0.27126,0.01588,0.76321,0.00105,-0.64615,0.00009,
1548147633253531136,0.02702,0.26622,0.01614,0.76313,0.00109,-0.64624,-0.00002,
1548147633403021312,0.02750,0.26465,0.01524,0.76310,0.00117,-0.64627,0.00000,
1548147633562491136,0.02660,0.26696,0.01663,0.76314,0.00107,-0.64623,-0.00019,
1548147633687071232,0.02728,0.26052,0.01876,0.76309,0.00108,-0.64629,-0.00020,
1548147633861491200,0.02784,0.26189,0.01773,0.76310,0.00115,-0.64628,-0.00016,
1548147634110661376,0.02783,0.26470,0.01735,0.76319,0.00121,-0.64618,-0.00023,
1548147634354831104,0.02828,0.25653,0.01870,0.76308,0.00127,-0.64631,-0.00025,
1548147634474421248,0.02668,0.25681,0.01368,0.76310,0.00120,-0.64627,-0.00031,
1548147634708651264,0.02658,0.25597,0.01666,0.76307,0.00125,-0.64631,-0.00032,
1548147634883061248,0.02574,0.25647,0.01819,0.76308,0.00112,-0.64630,-0.00044,
154814763557481216,0.02534,0.25415,0.01555,0.76302,0.00120,-0.64637,-0.00036,
1548147635261791232,0.02589,0.24969,0.01492,0.76303,0.00131,-0.64636,-0.00027,
1548147635456141312,0.02550,0.25156,0.01625,0.76311,0.00126,-0.64627,-0.00033,
1548147635655481088,0.02420,0.24568,0.01560,0.76305,0.00114,-0.64634,-0.00043,
1548147635909621248,0.02522,0.24467,0.01688,0.76294,0.00131,-0.64646,-0.00044,
1548147636113911040,0.02363,0.24394,0.01614,0.76299,0.00120,-0.64641,-0.00038,
1548147636353111296,0.02616,0.23468,0.01550,0.76301,0.00137,-0.64638,-0.00025,
1548147636502601216,0.02278,0.23269,0.01719,0.76302,0.00117,-0.64638,-0.00045,
1548147636701921280,0.02398,0.23585,0.01754,0.76300,0.00129,-0.64640,-0.00048,
1548147636861381120,0.02133,0.23532,0.01480,0.76299,0.00122,-0.64641,-0.00067,
154814763765681152,0.02331,0.22975,0.01316,0.76300,0.00131,-0.64639,-0.00050,
1548147637170341376,0.02209,0.22880,0.01171,0.76296,0.00131,-0.64644,-0.00046,
1548147637379621120,0.02346,0.22677,0.00982,0.76297,0.00130,-0.64643,-0.00044,
1548147637544071168,0.02279,0.22525,0.01159,0.76299,0.00132,-0.64641,-0.00048,
1548147637673631232,0.02198,0.22158,0.01240,0.76296,0.00119,-0.64644,-0.00053,
1548147637828111104,0.02195,0.22063,0.01329,0.76296,0.00127,-0.64644,-0.00062,
15481476382531072,0.02290,0.22244,0.01509,0.76289,0.00135,-0.64652,-0.00052,
1548147638127111168,0.02437,0.22237,0.01611,0.76294,0.00141,-0.64647,-0.00044,
1548147638261660928,0.02392,0.22028,0.01621,0.76291,0.00151,-0.64650,-0.00045,
1548147638401191168,0.02459,0.22081,0.01436,0.76293,0.00145,-0.64648,-0.00047,
1548147638600531200,0.02482,0.21989,0.01654,0.76284,0.00153,-0.64659,-0.00038,
1548147638769951232,0.02158,0.21605,0.01269,0.76294,0.00120,-0.64647,-0.00061,
1548147638934391040,0.02363,0.21025,0.01193,0.76289,0.00137,-0.64653,-0.00046,
1548147639103831040,0.02278,0.21117,0.01335,0.76295,0.00128,-0.64645,-0.00061,
1548147639308141056,0.02289,0.20705,0.01441,0.76290,0.00128,-0.64652,-0.00061,
1548147639472591104,0.02169,0.20445,0.01264,0.76290,0.00127,-0.64651,-0.00066,
1548147639671931136,0.02313,0.20520,0.01091,0.76290,0.00139,-0.64651,-0.00048,
1548147639871271168,0.02218,0.21026,0.01214,0.76285,0.00138,-0.64657,-0.00062,
154814764075601152,0.02198,0.19913,0.00796,0.76288,0.00133,-0.64654,-0.00055,
1548147640319771136,0.01952,0.19418,0.00534,0.76288,0.00116,-0.64654,-0.00077,
1548147640474260992,0.02138,0.19544,0.00720,0.76280,0.00135,-0.64663,-0.00066,
1548147640703501056,0.02069,0.19469,0.00988,0.76276,0.00131,-0.64669,-0.00069,
1548147640917771008,0.01746,0.19017,0.00795,0.76283,0.00114,-0.64659,-0.00088,
154814764167270912,0.02094,0.18340,0.00460,0.76280,0.00140,-0.64663,-0.00060,
1548147641216781056,0.02048,0.18426,0.00354,0.76289,0.00122,-0.64652,-0.00077,
1548147641451000832,0.01913,0.18438,0.00964,0.76288,0.00120,-0.64654,-0.00081,
1548147641675260928,0.02105,0.18747,0.01105,0.76289,0.00133,-0.64652,-0.00070,
1548147641914461184,0.02093,0.18464,0.00979,0.76282,0.00131,-0.64661,-0.00077,
154814764249000960,0.02028,0.18326,0.01175,0.76277,0.00130,-0.64667,-0.00075,
1548147642203480832,0.02217,0.17447,0.00852,0.76277,0.00132,-0.64667,-0.00069,
1548147642402801152,0.02355,0.17641,0.01188,0.76277,0.00148,-0.64666,-0.00055,
1548147642552301056,0.02160,0.18157,0.01244,0.76281,0.00136,-0.64662,-0.00069,
1548147642751621120,0.02161,0.17594,0.00900,0.76282,0.00140,-0.64661,-0.00070,
1548147642945980928,0.02100,0.17767,0.01070,0.76280,0.00138,-0.64664,-0.00076,
1548147643155271168,0.01978,0.16689,0.00238,0.76281,0.00123,-0.64662,-0.00073,
1548147643299791104,0.02175,0.16698,0.00467,0.76279,0.00134,-0.64664,-0.00076,
1548147643464241152,0.02261,0.16750,0.00734,0.76276,0.00148,-0.64668,-0.00066,
1548147643703430912,0.02080,0.17353,0.00952,0.76279,0.00151,-0.64664,-0.00077,
1548147643967540992,0.02261,0.17050,0.00858,0.76272,0.00143,-0.64673,-0.00066,
1548147644201741056,0.02134,0.16742,0.00961,0.76276,0.00128,-0.64667,-0.00079,
1548147644450900992,0.02107,0.15697,0.00137,0.76274,0.00142,-0.64670,-0.00074,
1548147644759870976,0.02040,0.16191,0.00905,0.76264,0.00137,-0.64682,-0.00075,
1548147644994081024,0.02001,0.16058,0.00865,0.76274,0.00131,-0.64670,-0.00078,
1548147645253221120,0.01841,0.15571,0.00585,0.76275,0.00121,-0.64670,-0.00090,
1548147645552210944,0.01906,0.15149,0.00468,0.76278,0.00122,-0.64666,-0.00093,
1548147645761520896,0.02083,0.14897,0.00500,0.76273,0.00130,-0.64671,-0.00078,
1548147646700928,0.01930,0.15270,0.00564,0.76273,0.00127,-0.64672,-0.00089,
1548147646294700800,0.02295,0.15374,0.00918,0.76261,0.00160,-0.64685,-0.00056,
1548147646494041088,0.01839,0.15517,0.00690,0.76264,0.00136,-0.64682,-0.00086,
1548147646653490944,0.01915,0.14629,0.00527,0.76273,0.00109,-0.64672,-0.00099,
1548147646842850816,0.01939,0.14609,0.00805,0.76271,0.00123,-0.64674,-0.00091,
1548147646997330944,0.01780,0.14617,0.00920,0.76267,0.00111,-0.64678,-0.00094,
1548147647161780736,0.01853,0.14376,0.00617,0.76267,0.00127,-0.64679,-0.00089,
1548147647371080960,0.01965,0.14504,0.00683,0.76264,0.00143,-0.64683,-0.00073,
1548147647530541056,0.02249,0.14294,0.00684,0.76268,0.00147,-0.64677,-0.00070,
1548147647704950784,0.02010,0.13537,0.00659,0.76263,0.00137,-0.64683,-0.00080,
1548147647959100928,0.01979,0.14323,0.00413,0.76270,0.00126,-0.64675,-0.00094,
