1403715273477143040,0.00006,-0.00109,-0.00274,0.56038,0.00704,-0.82820,0.00181,
1403715273767142912,0.00110,0.00089,-0.00244,0.55722,0.00997,-0.83031,0.00021,
140371527422142976,0.00021,-0.00043,0.00007,0.55848,0.01078,-0.82945,-0.00063,
1403715274282142976,-0.00012,-0.00064,-0.00034,0.55744,0.01014,-0.83015,0.00069,
1403715274567142912,0.00003,0.00051,-0.00052,0.55802,0.01095,-0.82975,0.00008,
1403715274822142976,-0.00060,0.00020,-0.00086,0.55866,0.01111,-0.82932,-0.00034,
140371527587142912,0.00056,0.00041,-0.00076,0.55867,0.01060,-0.82932,0.00038,
1403715275367142912,-0.00033,0.00001,-0.00078,0.55851,0.01075,-0.82943,0.00011,
1403715275622142976,-0.00020,0.00047,-0.00097,0.55844,0.01074,-0.82948,0.00007,
1403715275882142976,0.00020,0.00062,-0.00050,0.55852,0.01066,-0.82942,0.00015,
1403715276167142912,0.00044,0.00032,-0.00109,0.55861,0.01058,-0.82936,0.00014,
1403715276422142976,0.00162,-0.00119,0.00064,0.55849,0.01121,-0.82943,0.00030,
1403715276677143040,0.00190,0.00145,-0.00112,0.55836,0.01085,-0.82953,0.00040,
1403715276967142912,-0.00123,-0.00024,0.00014,0.55960,0.01066,-0.82869,0.00001,
1403715277222142976,0.00092,-0.00285,0.00156,0.55929,0.01100,-0.82890,0.00054,
1403715277477143040,0.00007,0.00050,0.00023,0.55857,0.01088,-0.82939,0.00025,
1403715277767142912,0.00156,-0.00151,-0.00001,0.55937,0.01094,-0.82885,0.00054,
140371527822142976,0.00022,-0.00175,-0.00042,0.55911,0.01097,-0.82902,0.00033,
1403715278277143040,-0.00072,-0.00180,-0.00075,0.55979,0.01041,-0.82857,-0.00004,
1403715278567142912,-0.00226,0.00554,0.00641,0.56936,0.00575,-0.82207,-0.00155,
1403715278822142976,-0.00867,0.04701,0.06524,0.58279,0.00220,-0.81261,0.00356,
140371527977143040,-0.02207,0.08685,0.13963,0.58711,0.00220,-0.80950,0.00316,
1403715279367142912,-0.02875,0.12087,0.12918,0.58268,0.00328,-0.81269,0.00207,
1403715279622142976,-0.03432,0.13138,0.12641,0.58141,0.00336,-0.81360,0.00271,
1403715279877143040,-0.03012,0.13911,0.15004,0.58010,0.00314,-0.81453,0.00385,
1403715280167142912,-0.02714,0.14471,0.19043,0.55746,0.00755,-0.83016,-0.00263,
1403715280422142976,-0.03011,0.17737,0.24028,0.56290,0.01641,-0.82616,-0.01847,
1403715280677143040,-0.04197,0.22181,0.27730,0.57100,-0.02180,-0.82034,-0.02287,
1403715280967142912,-0.06893,0.27955,0.31309,0.57173,-0.08046,-0.81444,-0.05781,
1403715281222142976,-0.07706,0.33081,0.34360,0.57012,-0.10734,-0.81103,-0.07526,
1403715281487142912,-0.09487,0.38358,0.35705,0.56295,-0.13992,-0.80866,-0.09786,
1403715281767142912,-0.09949,0.44581,0.35489,0.55266,-0.19883,-0.79704,-0.14058,
140371528222142976,-0.10726,0.50471,0.33942,0.53883,-0.26223,-0.77935,-0.18305,
1403715282277143040,-0.10778,0.57131,0.31204,0.52322,-0.31702,-0.75933,-0.22171,
1403715282567142912,-0.11064,0.66141,0.27601,0.50183,-0.37327,-0.73422,-0.26411,
1403715282782142976,-0.10803,0.74042,0.24473,0.49347,-0.41281,-0.70860,-0.28976,
140371528312143104,-0.10816,0.82065,0.21141,0.48183,-0.45200,-0.68051,-0.31692,
1403715283132143104,-0.10881,0.86299,0.19326,0.47680,-0.47337,-0.66382,-0.32851,
1403715283272143104,-0.11168,0.90956,0.17253,0.47015,-0.49726,-0.64458,-0.34089,
1403715283482142976,-0.11261,0.97781,0.14196,0.45333,-0.52953,-0.62131,-0.35786,
1403715283672143104,-0.11858,1.02170,0.12359,0.43128,-0.55048,-0.61009,-0.37250,
1403715283872143104,-0.12032,1.07470,0.10793,0.42518,-0.55953,-0.60070,-0.38119,
1403715284137143040,-0.11072,1.14150,0.08503,0.42223,-0.56556,-0.59929,-0.37779,
1403715284377143040,-0.09403,1.18814,0.06178,0.43171,-0.57023,-0.59769,-0.36226,
1403715284567142912,-0.06817,1.21254,0.05095,0.42926,-0.55786,-0.60545,-0.37143,
1403715284722142976,-0.03660,1.23235,0.04041,0.42909,-0.54827,-0.61056,-0.37749,
1403715284967142912,0.00326,1.25457,0.03093,0.43090,-0.55314,-0.59626,-0.39094,
1403715285142142976,0.02541,1.26651,0.02882,0.42698,-0.57438,-0.56706,-0.40770,
1403715285422142976,0.03434,1.28134,0.05403,0.40056,-0.61766,-0.54125,-0.40633,
1403715285677143040,0.04139,1.28235,0.14594,0.39299,-0.63264,-0.53222,-0.40257,
1403715285877143040,0.06133,1.25300,0.22203,0.38725,-0.63153,-0.53223,-0.40980,
140371528667142912,0.08437,1.21326,0.28306,0.37378,-0.62557,-0.54076,-0.42015,
1403715286277143040,0.11570,1.16379,0.33842,0.37494,-0.62905,-0.53939,-0.41567,
1403715286472143104,0.15819,1.12480,0.37887,0.37260,-0.62625,-0.54056,-0.42046,
1403715286767142912,0.23732,1.06868,0.43160,0.37238,-0.62793,-0.52355,-0.43925,
1403715286982142976,0.28695,1.02844,0.45397,0.35285,-0.64430,-0.51494,-0.44182,
1403715287167142912,0.34052,1.00531,0.47804,0.34486,-0.64937,-0.50778,-0.44895,
1403715287382142976,0.41971,1.00044,0.50982,0.34855,-0.64793,-0.49760,-0.45945,
1403715287527142912,0.46591,0.99743,0.52727,0.35436,-0.65408,-0.48892,-0.45560,
1403715287727142912,0.52133,0.98817,0.55690,0.34990,-0.67446,-0.46364,-0.45575,
1403715287937143040,0.56344,0.95742,0.59501,0.32532,-0.69282,-0.43036,-0.47849,
140371528872143104,0.58682,0.93306,0.62059,0.30626,-0.70552,-0.40311,-0.49593,
1403715288272143104,0.62494,0.89942,0.63579,0.28446,-0.72172,-0.37574,-0.50698,
1403715288517143040,0.64833,0.86542,0.60429,0.27460,-0.72914,-0.36245,-0.51144,
1403715288627142912,0.66411,0.85221,0.62336,0.27601,-0.73068,-0.35959,-0.51052,
1403715288772143104,0.66957,0.82596,0.65463,0.27380,-0.73021,-0.36241,-0.51037,
1403715288972143104,0.66711,0.79042,0.66182,0.26165,-0.73046,-0.36505,-0.51449,
1403715289172143104,0.66013,0.75898,0.61731,0.24553,-0.73898,-0.35316,-0.51855,
1403715289372143104,0.65070,0.73087,0.55759,0.22814,-0.74702,-0.33798,-0.52505,
1403715289617143040,0.65949,0.69788,0.47374,0.20393,-0.76572,-0.30487,-0.52833,
1403715289872143104,0.68844,0.66741,0.38563,0.19300,-0.77506,-0.28617,-0.52928,
1403715290117143040,0.73770,0.64245,0.35900,0.19953,-0.77184,-0.29081,-0.52904,
1403715290317143040,0.78811,0.61706,0.39392,0.20392,-0.77125,-0.30349,-0.52104,
1403715290592143104,0.88415,0.57659,0.42238,0.21414,-0.77156,-0.30735,-0.51418,
1403715290757143040,0.95033,0.54555,0.43089,0.21706,-0.76701,-0.30413,-0.52162,
1403715290872143104,1.00055,0.52382,0.43454,0.21990,-0.76590,-0.30001,-0.52444,
1403715291182142976,1.13233,0.46611,0.44037,0.23429,-0.77135,-0.27257,-0.52519,
1403715291347142912,1.18473,0.42745,0.43389,0.23225,-0.77545,-0.25800,-0.52742,
1403715291477143040,1.21519,0.39316,0.42508,0.22346,-0.77998,-0.24984,-0.52847,
1403715291642142976,1.24777,0.34242,0.40907,0.21173,-0.78902,-0.23794,-0.52537,
1403715291742142976,1.26249,0.30403,0.39823,0.20599,-0.79246,-0.23177,-0.52523,
1403715291837143040,1.27307,0.26427,0.38865,0.19411,-0.79272,-0.23278,-0.52889,
1403715291982142976,1.29084,0.19738,0.37584,0.17599,-0.79211,-0.23875,-0.53347,
140371529297143040,1.30232,0.14414,0.35919,0.17133,-0.79235,-0.24140,-0.53343,
1403715292272143104,1.33128,0.06121,0.33418,0.17908,-0.78805,-0.25830,-0.52933,
1403715292442142976,1.37078,-0.02115,0.31632,0.19375,-0.77789,-0.29137,-0.52196,
1403715292667142912,1.44380,-0.13432,0.29991,0.23212,-0.74443,-0.34186,-0.52448,
1403715292877143040,1.52135,-0.22134,0.30620,0.26610,-0.70927,-0.39510,-0.51964,
1403715293122142976,1.61412,-0.29309,0.36700,0.31408,-0.68702,-0.43922,-0.48625,
1403715293372143104,1.69959,-0.34657,0.44694,0.35289,-0.65637,-0.47741,-0.46554,
1403715293622142976,1.76659,-0.39793,0.52636,0.38029,-0.62874,-0.51049,-0.44661,
1403715293817143040,1.80676,-0.44343,0.59004,0.38999,-0.61345,-0.53841,-0.42625,
140371529427142912,1.83223,-0.48494,0.64501,0.40593,-0.59094,-0.56617,-0.40676,
1403715294287142912,1.87585,-0.54554,0.65150,0.43887,-0.55348,-0.59368,-0.38549,
1403715294517143040,1.89889,-0.60354,0.59762,0.46040,-0.51762,-0.62204,-0.36493,
1403715294742142976,1.90001,-0.65628,0.53627,0.46241,-0.48466,-0.66183,-0.33655,
1403715294892143104,1.90623,-0.69376,0.49517,0.46828,-0.46003,-0.68297,-0.32039,
1403715295117143040,1.91552,-0.73192,0.43293,0.49242,-0.42180,-0.70014,-0.29901,
1403715295197143040,1.91811,-0.74505,0.41788,0.50371,-0.40986,-0.70331,-0.28921,
1403715295367142912,1.91626,-0.77159,0.40770,0.51686,-0.38238,-0.71815,-0.26626,
1403715295567142912,1.90926,-0.80000,0.42359,0.52470,-0.34144,-0.74128,-0.24211,
1403715295742142976,1.90373,-0.83346,0.40141,0.53272,-0.31535,-0.75062,-0.23092,
1403715295892143104,1.89158,-0.85951,0.36952,0.54367,-0.29791,-0.75427,-0.21621,
1403715296177143040,1.86453,-0.91313,0.29280,0.55189,-0.28310,-0.76386,-0.17830,
1403715296467142912,1.84853,-0.98899,0.21791,0.53174,-0.26020,-0.79243,-0.14699,
1403715296722142976,1.87697,-1.05465,0.21351,0.54003,-0.23442,-0.79568,-0.14254,
1403715296967142912,1.93332,-1.09998,0.22105,0.55095,-0.20675,-0.79483,-0.14820,
1403715297132143104,1.96613,-1.13175,0.21537,0.54887,-0.18943,-0.80527,-0.11999,
1403715297322142976,2.00598,-1.15238,0.20052,0.53953,-0.15864,-0.82312,-0.07887,
1403715297482142976,2.05968,-1.15216,0.18467,0.54326,-0.12120,-0.82871,-0.05845,
1403715297717143040,2.16053,-1.13925,0.16095,0.54260,-0.08436,-0.83535,-0.02568,
1403715297992143104,2.30622,-1.08856,0.14618,0.57971,-0.04287,-0.81365,0.00839,
1403715298267142912,2.47403,-1.04695,0.14050,0.59773,0.04223,-0.80056,0.00699,
1403715298517143040,2.60338,-1.03125,0.13807,0.58105,0.08877,-0.80899,0.00638,
1403715298672143104,2.64990,-1.03273,0.14831,0.57913,0.10472,-0.80846,-0.00602,
1403715298777143040,2.66453,-1.03372,0.15790,0.57989,0.10778,-0.80746,-0.01076,
140371529967142912,2.63128,-1.06590,0.17591,0.55097,0.07891,-0.82941,0.04781,
1403715299182142976,2.60015,-1.06879,0.18440,0.54596,0.08653,-0.83086,0.06412,
1403715299372143104,2.54307,-1.04927,0.19977,0.54052,0.11212,-0.82909,0.08881,
1403715299627142912,2.46858,-0.98634,0.22015,0.54273,0.16150,-0.81441,0.12686,
1403715299757143040,2.43447,-0.94523,0.22643,0.54138,0.19027,-0.80525,0.14928,
1403715299947142912,2.39207,-0.87670,0.22685,0.53676,0.23708,-0.78871,0.18338,
1403715300132143104,2.34695,-0.80337,0.23417,0.53862,0.27493,-0.76926,0.20626,
1403715300417143040,2.30062,-0.68816,0.24093,0.55213,0.29804,-0.74647,0.22160,
1403715300667142912,2.28316,-0.61402,0.24524,0.54942,0.29226,-0.74846,0.22919,
1403715300927142912,2.30302,-0.57001,0.25262,0.55454,0.28885,-0.74901,0.21918,
1403715301187142912,2.34131,-0.55047,0.25171,0.56830,0.29101,-0.74254,0.20244,
1403715301372143104,2.37117,-0.56296,0.24789,0.57577,0.29401,-0.73773,0.19442,
1403715301537143040,2.40095,-0.59966,0.23639,0.56243,0.28868,-0.74784,0.20268,
1403715301722142976,2.43949,-0.65642,0.21420,0.54222,0.28363,-0.76360,0.20610,
1403715301872143104,2.47056,-0.70329,0.19401,0.54640,0.28581,-0.76239,0.19627,
1403715302117143040,2.51799,-0.79256,0.16912,0.54835,0.28606,-0.76361,0.18543,
1403715302317143040,2.54495,-0.87688,0.16018,0.54193,0.28637,-0.77075,0.17393,
1403715302517143040,2.55193,-0.96983,0.16001,0.54131,0.27620,-0.77475,0.17452,
1403715302772143104,2.54402,-1.08582,0.16162,0.53077,0.26041,-0.78505,0.18483,
14037153032142976,2.52680,-1.16750,0.14595,0.51486,0.26735,-0.79251,0.18810,
1403715303217143040,2.48782,-1.21789,0.13302,0.50547,0.30267,-0.78128,0.20615,
1403715303327142912,2.46160,-1.23891,0.12943,0.50978,0.32829,-0.76359,0.22200,
1403715303517143040,2.41274,-1.26422,0.12796,0.50974,0.37560,-0.73329,0.24776,
1403715303682142976,2.36635,-1.29345,0.12242,0.49986,0.40823,-0.71109,0.27901,
1403715303872143104,2.31081,-1.32988,0.11877,0.48492,0.43877,-0.68602,0.31892,
1403715304117143040,2.24234,-1.37241,0.10682,0.47309,0.45953,-0.66690,0.34680,
1403715304272143104,2.21626,-1.39462,0.09791,0.46810,0.46379,-0.66473,0.35202,
1403715304467142912,2.19924,-1.41951,0.08134,0.46402,0.46518,-0.66913,0.34722,
1403715304642142976,2.19023,-1.43951,0.04961,0.47223,0.46404,-0.66899,0.33781,
1403715304857143040,2.19068,-1.46366,-0.00526,0.47653,0.46079,-0.67253,0.32908,
140371530522142976,2.19119,-1.48256,-0.01364,0.47617,0.46023,-0.67536,0.32456,
1403715305267142912,2.19262,-1.51842,0.00254,0.47004,0.45991,-0.67956,0.32517,
1403715305427142912,2.19782,-1.53632,0.01743,0.46739,0.46307,-0.67895,0.32579,
1403715305627142912,2.20403,-1.56205,0.06023,0.46480,0.46828,-0.67421,0.33183,
1403715305867142912,2.20899,-1.58479,0.15580,0.45966,0.47321,-0.67073,0.33898,
140371530612143104,2.20881,-1.59233,0.20900,0.45813,0.47592,-0.67046,0.33779,
1403715306177143040,2.21090,-1.59087,0.26695,0.45300,0.47489,-0.67405,0.33901,
1403715306322142976,2.21096,-1.58908,0.30730,0.45340,0.45767,-0.67881,0.35240,
1403715306667142912,2.24667,-1.52958,0.39704,0.49195,0.40194,-0.69189,0.34310,
1403715306837143040,2.29916,-1.47704,0.44549,0.52562,0.37543,-0.69734,0.31063,
140371530717143040,2.38443,-1.43251,0.48379,0.55850,0.35244,-0.70458,0.25967,
1403715307267142912,2.52584,-1.41407,0.47246,0.56538,0.32186,-0.73661,0.18484,
1403715307522142976,2.64186,-1.45433,0.40981,0.54823,0.26321,-0.77798,0.15783,
1403715307682142976,2.70025,-1.48720,0.37188,0.54272,0.22496,-0.79562,0.14775,
1403715307872143104,2.76380,-1.52430,0.32495,0.54555,0.18593,-0.80872,0.11737,
1403715307997143040,2.80026,-1.54132,0.29345,0.54919,0.16181,-0.81438,0.09481,
1403715308142142976,2.82940,-1.55539,0.25693,0.55359,0.13290,-0.81901,0.07141,
1403715308377143040,2.85874,-1.56762,0.19899,0.55833,0.09549,-0.82295,0.04365,
1403715308617143040,2.86231,-1.56547,0.14745,0.55894,0.06771,-0.82529,0.04350,
1403715308727142912,2.86005,-1.55609,0.14108,0.55815,0.06232,-0.82611,0.04621,
1403715308922142976,2.86095,-1.52727,0.15539,0.55424,0.05974,-0.82860,0.05173,
140371530977143040,2.86285,-1.49064,0.17103,0.55804,0.05952,-0.82532,0.06237,
1403715309222142976,2.86886,-1.45080,0.18382,0.56571,0.06010,-0.81886,0.07627,
1403715309427142912,2.89303,-1.39012,0.20275,0.57962,0.07237,-0.80752,0.08199,
1403715309672143104,2.94119,-1.33254,0.22455,0.57678,0.09382,-0.80817,0.07332,
1403715309917143040,2.99166,-1.29222,0.24225,0.56825,0.09235,-0.81259,0.09091,
140371531067142912,3.02860,-1.26638,0.24669,0.57437,0.08674,-0.80752,0.10241,
1403715310197143040,3.07184,-1.23960,0.24766,0.58698,0.08038,-0.79962,0.09804,
1403715310417143040,3.16693,-1.21224,0.25786,0.59775,0.06955,-0.79647,0.05909,
1403715310632143104,3.25730,-1.21877,0.27073,0.58418,0.04726,-0.80966,0.03071,
1403715310777143040,3.31549,-1.22835,0.27809,0.57293,0.03722,-0.81849,0.02100,
140371531167142912,3.41722,-1.24494,0.29298,0.56565,0.01882,-0.82415,0.02162,
1403715311322142976,3.49735,-1.25045,0.29339,0.56079,0.00421,-0.82737,0.03105,
1403715311522142976,3.57444,-1.23393,0.30413,0.55791,0.00713,-0.82962,0.02044,
1403715311667142912,3.63431,-1.21293,0.31361,0.55966,0.01028,-0.82857,0.01187,
1403715311842142976,3.70800,-1.18116,0.32095,0.56209,0.00418,-0.82693,0.01480,
1403715311972143104,3.76065,-1.14668,0.32727,0.56392,0.00000,-0.82573,0.01262,
140371531252143104,3.79662,-1.12048,0.33009,0.56343,0.00083,-0.82614,0.00645,
1403715312177143040,3.84994,-1.07703,0.33276,0.56482,0.00095,-0.82522,-0.00062,
1403715312317143040,3.90364,-1.03122,0.34171,0.56515,-0.00299,-0.82498,-0.00256,
1403715312517143040,3.97937,-0.96226,0.34727,0.56783,-0.01154,-0.82306,0.00228,
1403715312772143104,4.07474,-0.86699,0.34155,0.58212,-0.00230,-0.81307,-0.00722,
1403715312967142912,4.13244,-0.80264,0.33947,0.59541,0.01213,-0.80325,-0.01103,
1403715313167142912,4.17841,-0.76072,0.37081,0.59705,0.02409,-0.80179,-0.00914,
1403715313382142976,4.20072,-0.75008,0.41577,0.58641,0.02429,-0.80963,0.00469,
1403715313527142912,4.21836,-0.74710,0.44177,0.58004,0.02123,-0.81430,0.00417,
1403715313697143040,4.22960,-0.75207,0.47418,0.57740,0.01509,-0.81627,-0.00904,
1403715313917143040,4.22070,-0.76516,0.52126,0.57636,0.00421,-0.81709,-0.01283,
1403715314127142912,4.21212,-0.77818,0.55385,0.57337,-0.01039,-0.81898,-0.02021,
1403715314377143040,4.19646,-0.80190,0.57860,0.56623,-0.05022,-0.82038,-0.06192,
1403715314592143104,4.16051,-0.81039,0.58826,0.56087,-0.08401,-0.82006,-0.07660,
1403715314877143040,4.09295,-0.81285,0.58160,0.56364,-0.10188,-0.81528,-0.08518,
1403715315137143040,4.01067,-0.79304,0.57352,0.56890,-0.10698,-0.81137,-0.08115,
1403715315282142976,3.96454,-0.78220,0.57219,0.56787,-0.10861,-0.81209,-0.07905,
1403715315492143104,3.90048,-0.77040,0.57559,0.56673,-0.12616,-0.80934,-0.08874,
1403715315717143040,3.82919,-0.76183,0.58376,0.56728,-0.16027,-0.80143,-0.10105,
1403715315882142976,3.78558,-0.76824,0.58211,0.56593,-0.19525,-0.79374,-0.10762,
140371531652143104,3.74767,-0.78001,0.58069,0.55890,-0.22376,-0.78739,-0.13259,
1403715316317143040,3.70826,-0.79612,0.55235,0.53013,-0.26350,-0.78405,-0.18654,
1403715316532143104,3.67354,-0.80786,0.52265,0.50459,-0.29128,-0.78360,-0.21567,
1403715316772143104,3.62909,-0.77005,0.47950,0.51428,-0.31332,-0.76512,-0.22789,
1403715316967142912,3.59563,-0.72886,0.44185,0.51654,-0.33753,-0.74724,-0.24675,
1403715317167142912,3.55861,-0.67836,0.40162,0.50774,-0.37711,-0.72618,-0.26955,
1403715317372143104,3.51780,-0.62767,0.36163,0.48685,-0.42262,-0.70426,-0.29730,
1403715317572143104,3.47038,-0.57548,0.33294,0.47098,-0.46733,-0.67568,-0.32129,
1403715317767142912,3.43644,-0.52212,0.30721,0.45810,-0.50717,-0.64530,-0.34133,
1403715317932143104,3.41274,-0.48376,0.28763,0.45059,-0.54307,-0.61706,-0.34825,
1403715318117143040,3.38924,-0.45636,0.26875,0.43925,-0.56973,-0.59286,-0.36193,
1403715318317143040,3.36682,-0.44852,0.24894,0.42858,-0.58294,-0.58109,-0.37261,
1403715318472143104,3.35332,-0.46216,0.22960,0.41346,-0.58887,-0.57721,-0.38615,
1403715318672143104,3.34226,-0.48967,0.20285,0.37981,-0.60525,-0.57480,-0.39877,
1403715318917143040,3.36049,-0.52595,0.17134,0.34945,-0.63547,-0.55480,-0.40774,
140371531927142912,3.38965,-0.54239,0.16248,0.34317,-0.64250,-0.54157,-0.41969,
1403715319202142976,3.44073,-0.56635,0.14740,0.33218,-0.65044,-0.51793,-0.44534,
1403715319442142976,3.53823,-0.58384,0.13205,0.31034,-0.66876,-0.48306,-0.47233,
1403715319767142912,3.69234,-0.57379,0.13072,0.29135,-0.69347,-0.44171,-0.48899,
1403715319977143040,3.80921,-0.55579,0.19031,0.28755,-0.69964,-0.43339,-0.48990,
1403715320227142912,3.96582,-0.51898,0.26071,0.27084,-0.70988,-0.40803,-0.50619,
1403715320382142976,4.06286,-0.48681,0.29591,0.26217,-0.72126,-0.36757,-0.52530,
1403715320552143104,4.15114,-0.44575,0.33393,0.24453,-0.74484,-0.31541,-0.53474,
1403715320667142912,4.20610,-0.41423,0.35745,0.23350,-0.76044,-0.27889,-0.53798,
1403715320922142976,4.29776,-0.34649,0.39536,0.22661,-0.78427,-0.21578,-0.53574,
1403715321217143040,4.33053,-0.30271,0.42723,0.20134,-0.79533,-0.20521,-0.53367,
1403715321472143104,4.31975,-0.29358,0.44678,0.19980,-0.79595,-0.20444,-0.53361,
1403715321722142976,4.26981,-0.31351,0.46975,0.19717,-0.79064,-0.21254,-0.53930,
1403715321922142976,4.20305,-0.35469,0.49143,0.20378,-0.78339,-0.19446,-0.55404,
140371532272143104,4.12564,-0.38808,0.50257,0.19491,-0.79096,-0.18264,-0.55048,
1403715322317143040,3.95630,-0.45121,0.52385,0.14919,-0.80120,-0.18723,-0.54842,
1403715322622142976,3.74509,-0.54759,0.49181,0.10397,-0.81663,-0.16185,-0.54416,
1403715322877143040,3.60850,-0.64541,0.43877,0.09238,-0.81902,-0.15307,-0.54520,
1403715323127142912,3.51875,-0.77536,0.44135,0.08703,-0.81678,-0.15560,-0.54871,
1403715323272143104,3.48419,-0.85756,0.44028,0.08393,-0.81478,-0.15961,-0.55101,
1403715323572143104,3.45562,-1.03759,0.43101,0.08471,-0.81423,-0.15941,-0.55176,
1403715323727142912,3.46872,-1.13899,0.46365,0.09130,-0.79714,-0.15362,-0.57674,
140371532422142976,3.51236,-1.28060,0.51087,0.10390,-0.76110,-0.14510,-0.62360,
1403715324132143104,3.53308,-1.31008,0.52612,0.10870,-0.76303,-0.14370,-0.62074,
1403715324277143040,3.55776,-1.32364,0.54119,0.11685,-0.77384,-0.14051,-0.60644,
1403715324577143040,3.57870,-1.30856,0.57047,0.13561,-0.80755,-0.13051,-0.55897,
1403715324867142912,3.56245,-1.30064,0.60386,0.11595,-0.80698,-0.14300,-0.56115,
1403715325122142976,3.54300,-1.27994,0.63077,0.11193,-0.79159,-0.15004,-0.58168,
1403715325327142912,3.52742,-1.24834,0.64485,0.11696,-0.79078,-0.15056,-0.58165,
1403715325617143040,3.49608,-1.19094,0.65342,0.13133,-0.80559,-0.14349,-0.55963,
1403715325772143104,3.46870,-1.17065,0.65264,0.14230,-0.80991,-0.13501,-0.55278,
140371532637143040,3.39999,-1.14842,0.64945,0.13229,-0.81352,-0.13834,-0.54914,
1403715326177143040,3.35535,-1.14767,0.64014,0.11759,-0.81042,-0.14484,-0.55535,
1403715326427142912,3.27967,-1.16009,0.61915,0.10649,-0.79594,-0.14692,-0.57753,
1403715326677143040,3.21024,-1.15610,0.60120,0.10458,-0.78548,-0.14248,-0.59312,
1403715326857143040,3.15342,-1.12725,0.57935,0.10797,-0.79526,-0.13532,-0.58103,
140371532767142912,3.08857,-1.08563,0.55495,0.11447,-0.80689,-0.12549,-0.56576,
1403715327237143040,3.02735,-1.05554,0.53576,0.11870,-0.81316,-0.11967,-0.55711,
1403715327417143040,2.94764,-1.03391,0.52272,0.12221,-0.81741,-0.11320,-0.55145,
1403715327622142976,2.84044,-1.03278,0.50915,0.12057,-0.81650,-0.12554,-0.55048,
1403715327942142976,2.67184,-1.06321,0.48497,0.13845,-0.80529,-0.18146,-0.54719,
140371532837143040,2.62506,-1.07479,0.47611,0.14501,-0.79877,-0.19805,-0.54928,
1403715328192143104,2.55127,-1.10244,0.46268,0.15047,-0.78794,-0.21323,-0.55771,
1403715328352143104,2.47698,-1.12716,0.45771,0.14844,-0.77877,-0.21738,-0.56941,
1403715328617143040,2.35684,-1.12698,0.44821,0.13779,-0.78265,-0.21376,-0.56814,
1403715328867142912,2.27166,-1.10063,0.43526,0.15501,-0.78674,-0.23419,-0.54970,
140371532972143104,2.23301,-1.07005,0.42730,0.19439,-0.77128,-0.27895,-0.53807,
1403715329292143104,2.19827,-1.03598,0.41093,0.23842,-0.75073,-0.33551,-0.51671,
1403715329477143040,2.18310,-1.01754,0.38513,0.25924,-0.74002,-0.36180,-0.50426,
1403715329607142912,2.16467,-1.00291,0.36405,0.26465,-0.73684,-0.37175,-0.49884,
1403715329742142976,2.14801,-0.98855,0.34797,0.26728,-0.73335,-0.37431,-0.50065,
1403715329932143104,2.14311,-0.97306,0.31938,0.26974,-0.73211,-0.37173,-0.50307,
1403715330127142912,2.14741,-0.96394,0.28383,0.27527,-0.73048,-0.37410,-0.50068,
1403715330327142912,2.14304,-0.95689,0.24143,0.26879,-0.73031,-0.38385,-0.49705,
1403715330567142912,2.14440,-0.95550,0.21354,0.27251,-0.72946,-0.38220,-0.49755,
1403715330827142912,2.14917,-0.95510,0.24913,0.29650,-0.72528,-0.37214,-0.49755,
1403715330997143040,2.15170,-0.95794,0.28436,0.31778,-0.71635,-0.38948,-0.48390,
1403715331187142912,2.13980,-0.96992,0.32884,0.33960,-0.69867,-0.42610,-0.46364,
1403715331317143040,2.12514,-0.99094,0.36822,0.34212,-0.68448,-0.45251,-0.45790,
1403715331427142912,2.10965,-1.01161,0.41230,0.34049,-0.67499,-0.46810,-0.45753,
1403715331522142976,2.09652,-1.03341,0.44679,0.34219,-0.66992,-0.47452,-0.45710,
1403715331692143104,2.07925,-1.07325,0.50707,0.34462,-0.66480,-0.47969,-0.45735,
140371533217143040,2.03965,-1.14866,0.59265,0.33915,-0.66842,-0.47610,-0.45992,
1403715332322142976,2.02427,-1.22033,0.59617,0.34868,-0.68471,-0.45812,-0.44690,
1403715332472143104,2.01538,-1.26244,0.60114,0.35044,-0.68377,-0.46391,-0.44095,
1403715332717143040,2.01924,-1.36018,0.61224,0.35189,-0.67795,-0.47227,-0.43989,
1403715332927142912,2.03647,-1.46533,0.62897,0.35742,-0.66244,-0.48276,-0.44762,
1403715333222142976,2.06744,-1.61662,0.65306,0.38639,-0.62576,-0.48878,-0.46928,
1403715333522142976,2.04305,-1.76258,0.64038,0.37856,-0.62983,-0.50006,-0.45821,
1403715333732143104,2.00087,-1.85964,0.62676,0.37536,-0.63452,-0.50288,-0.45124,
1403715333867142912,1.96843,-1.91931,0.61375,0.36945,-0.64120,-0.51102,-0.43729,
140371533467142912,1.92647,-2.00229,0.60157,0.37677,-0.63339,-0.52639,-0.42400,
1403715334197143040,1.90601,-2.06336,0.60637,0.38278,-0.62717,-0.53559,-0.41626,
1403715334317143040,1.88958,-2.11816,0.60881,0.38628,-0.62332,-0.54137,-0.41132,
1403715334427142912,1.87732,-2.16339,0.60918,0.38785,-0.62048,-0.54482,-0.40957,
1403715334542142976,1.87002,-2.21466,0.61276,0.38943,-0.61815,-0.54600,-0.41001,
1403715334672143104,1.86037,-2.28066,0.61452,0.38804,-0.61420,-0.54940,-0.41273,
1403715334892143104,1.85409,-2.39120,0.61324,0.38628,-0.61205,-0.55030,-0.41636,
140371533537143040,1.86093,-2.45948,0.61307,0.38483,-0.61167,-0.55123,-0.41703,
1403715335222142976,1.86986,-2.55037,0.60784,0.38366,-0.61013,-0.55408,-0.41659,
1403715335332143104,1.87926,-2.59835,0.60497,0.38480,-0.60716,-0.55760,-0.41518,
1403715335467142912,1.89760,-2.65585,0.60344,0.38979,-0.60039,-0.56478,-0.41063,
1403715335722142976,1.94201,-2.75681,0.59448,0.40403,-0.59060,-0.57511,-0.39650,
1403715335997143040,1.99477,-2.87366,0.58520,0.41814,-0.57020,-0.59106,-0.38818,
1403715336167142912,2.03078,-2.93630,0.58017,0.42829,-0.55875,-0.59236,-0.39177,
1403715336342142976,2.06570,-2.99979,0.57247,0.43093,-0.55630,-0.59536,-0.38779,
1403715336572143104,2.10548,-3.08850,0.56715,0.42482,-0.55672,-0.60281,-0.38238,
1403715336757143040,2.13995,-3.14995,0.56480,0.42422,-0.55731,-0.60229,-0.38300,
1403715336917143040,2.17250,-3.19858,0.56874,0.42374,-0.55659,-0.60178,-0.38537,
1403715337137143040,2.21717,-3.25044,0.58959,0.42330,-0.55201,-0.60740,-0.38361,
1403715337392143104,2.27265,-3.29910,0.61284,0.43538,-0.53885,-0.62665,-0.35692,
1403715337577143040,2.32785,-3.33562,0.62271,0.45191,-0.53174,-0.62988,-0.34100,
1403715337822142976,2.41705,-3.39869,0.64033,0.45486,-0.51954,-0.63567,-0.34512,
1403715338122142976,2.52824,-3.46697,0.66323,0.45354,-0.52138,-0.63024,-0.35392,
1403715338427142912,2.63465,-3.53588,0.68048,0.46366,-0.51718,-0.63319,-0.34150,
1403715338622142976,2.71458,-3.59079,0.69460,0.47399,-0.49526,-0.64992,-0.32810,
1403715338732143104,2.75732,-3.62308,0.70080,0.48008,-0.47762,-0.66248,-0.32021,
1403715338922142976,2.82772,-3.68274,0.71457,0.48460,-0.45623,-0.68019,-0.30718,
140371533972143104,2.88196,-3.72783,0.72356,0.48214,-0.44738,-0.69046,-0.30109,
1403715339322142976,2.97955,-3.80010,0.72265,0.48164,-0.43675,-0.69709,-0.30221,
1403715339477143040,3.04476,-3.84307,0.71813,0.48775,-0.43801,-0.69246,-0.30124,
1403715339732143104,3.14881,-3.91509,0.69803,0.47865,-0.44166,-0.69340,-0.30827,
1403715339872143104,3.19895,-3.94140,0.68123,0.46984,-0.43547,-0.69542,-0.32558,
140371534027142912,3.25438,-3.95766,0.66187,0.46546,-0.42100,-0.70350,-0.33344,
1403715340167142912,3.29304,-3.94799,0.65137,0.47280,-0.40555,-0.71274,-0.32248,
1403715340417143040,3.34470,-3.90039,0.66787,0.50445,-0.37110,-0.73157,-0.26949,
1403715340637143040,3.38644,-3.84008,0.70776,0.51638,-0.34330,-0.75024,-0.22943,
1403715340867142912,3.43420,-3.78063,0.73157,0.52012,-0.33596,-0.75662,-0.21006,
140371534167142912,3.49140,-3.72854,0.74427,0.52172,-0.34424,-0.75367,-0.20319,
1403715341272143104,3.56805,-3.67318,0.76451,0.52645,-0.34418,-0.74512,-0.22177,
1403715341427142912,3.62385,-3.63651,0.77896,0.52987,-0.34561,-0.73714,-0.23752,
1403715341567142912,3.67238,-3.60823,0.79099,0.52417,-0.34673,-0.73682,-0.24925,
1403715341677143040,3.71371,-3.58578,0.79993,0.52351,-0.34248,-0.73483,-0.26204,
1403715341892143104,3.77705,-3.54023,0.81239,0.51483,-0.33763,-0.73842,-0.27511,
140371534277143040,3.79832,-3.48898,0.81903,0.51536,-0.34957,-0.74057,-0.25251,
1403715342392143104,3.83141,-3.40247,0.82765,0.51376,-0.35126,-0.74917,-0.22673,
1403715342527142912,3.85449,-3.36122,0.82781,0.51261,-0.33462,-0.76020,-0.21762,
1403715342672143104,3.88336,-3.31252,0.83003,0.51539,-0.30011,-0.77171,-0.22086,
1403715342872143104,3.92582,-3.23147,0.83051,0.52763,-0.27241,-0.77862,-0.20287,
140371534317143040,3.94611,-3.16927,0.82568,0.53802,-0.26601,-0.77699,-0.18991,
1403715343222142976,3.98329,-3.07200,0.81761,0.54428,-0.26026,-0.77657,-0.18156,
1403715343467142912,4.02808,-2.95933,0.79802,0.53461,-0.25857,-0.78423,-0.17976,
1403715343667142912,4.06304,-2.86603,0.78475,0.53229,-0.26021,-0.78427,-0.18406,
1403715343867142912,4.09998,-2.75639,0.78218,0.53680,-0.25787,-0.77923,-0.19529,
140371534427142912,4.12746,-2.65956,0.78160,0.54226,-0.25467,-0.77758,-0.19097,
1403715344272143104,4.14606,-2.51051,0.77645,0.55469,-0.22202,-0.78194,-0.17778,
1403715344522142976,4.14062,-2.36390,0.77091,0.56905,-0.18367,-0.78065,-0.18175,
1403715344642142976,4.11980,-2.30179,0.76331,0.56685,-0.17603,-0.78501,-0.17737,
1403715344757143040,4.09013,-2.23929,0.75198,0.55804,-0.17241,-0.79305,-0.17303,
1403715344977143040,3.99768,-2.11679,0.73231,0.55543,-0.17205,-0.79682,-0.16423,
1403715345272143104,3.83274,-1.95107,0.71372,0.56758,-0.18464,-0.78902,-0.14564,
1403715345527142912,3.66839,-1.82503,0.69092,0.56541,-0.18706,-0.79061,-0.14231,
1403715345827142912,3.45479,-1.69070,0.65945,0.56732,-0.18874,-0.78976,-0.13716,
1403715346117143040,3.25516,-1.58258,0.63104,0.53917,-0.19621,-0.80886,-0.12862,
1403715346267142912,3.15945,-1.52056,0.62809,0.54383,-0.19765,-0.80522,-0.12962,
1403715346402142976,3.07704,-1.45941,0.62731,0.55210,-0.19964,-0.79872,-0.13180,
1403715346632143104,2.94595,-1.35164,0.63355,0.56319,-0.20894,-0.78828,-0.13334,
1403715346737143040,2.88490,-1.30643,0.63412,0.56531,-0.21449,-0.78499,-0.13493,
1403715346937143040,2.77994,-1.23631,0.63623,0.55941,-0.22575,-0.78582,-0.13635,
140371534772143104,2.71588,-1.19202,0.63655,0.55235,-0.23329,-0.78894,-0.13441,
1403715347232143104,2.64842,-1.14162,0.64381,0.54924,-0.22036,-0.79390,-0.13964,
1403715347427142912,2.58382,-1.08282,0.65935,0.55776,-0.18137,-0.79843,-0.13606,
1403715347667142912,2.48065,-1.00967,0.68544,0.56755,-0.13875,-0.80194,-0.12461,
1403715347847142912,2.40212,-0.95594,0.70262,0.57363,-0.13362,-0.80217,-0.09801,
140371534827142912,2.31285,-0.91660,0.71318,0.57918,-0.12308,-0.80371,-0.05871,
1403715348272143104,2.21457,-0.86607,0.72685,0.57735,-0.07307,-0.81312,-0.01240,
1403715348382142976,2.17964,-0.83933,0.72916,0.57252,-0.04721,-0.81853,0.00201,
1403715348462142976,2.16278,-0.82578,0.72482,0.56856,-0.03390,-0.82188,0.00982,
1403715348592143104,2.13854,-0.79859,0.70384,0.56643,-0.02067,-0.82365,0.01800,
1403715348767142912,2.12360,-0.75607,0.65380,0.57103,-0.01764,-0.82008,0.03274,
1403715348972143104,2.12350,-0.71005,0.59219,0.57334,-0.00416,-0.81811,0.04426,
140371534987142912,2.13564,-0.68597,0.55422,0.57589,0.00677,-0.81631,0.04394,
1403715349222142976,2.16208,-0.65860,0.52062,0.58086,0.02149,-0.81255,0.04367,
1403715349427142912,2.22106,-0.62656,0.47446,0.58936,0.03469,-0.80590,0.04455,
1403715349722142976,2.31900,-0.60963,0.39328,0.58332,0.05475,-0.80916,0.04463,
140371535017143040,2.41527,-0.61149,0.32844,0.57354,0.09595,-0.80948,0.08116,
1403715350137143040,2.45965,-0.61905,0.30550,0.56604,0.11437,-0.81173,0.08730,
1403715350317143040,2.52848,-0.62700,0.27097,0.54968,0.13418,-0.82034,0.08293,
1403715350437143040,2.57524,-0.62463,0.24985,0.54192,0.14273,-0.82491,0.07400,
1403715350677143040,2.62198,-0.60583,0.20499,0.54043,0.14336,-0.82647,0.06581,
1403715350972143104,2.62955,-0.54202,0.16737,0.54960,0.14086,-0.82069,0.06758,
1403715351222142976,2.59310,-0.46947,0.14823,0.55044,0.14244,-0.81960,0.07059,
1403715351437143040,2.52707,-0.39958,0.14488,0.56099,0.13992,-0.81227,0.07705,
1403715351717143040,2.40620,-0.31335,0.15487,0.57928,0.14205,-0.79900,0.07649,
1403715351972143104,2.26073,-0.25374,0.16946,0.56628,0.15835,-0.80153,0.10862,
1403715352227142912,2.11499,-0.20514,0.20023,0.55447,0.18291,-0.79889,0.14450,
1403715352472143104,1.98955,-0.15291,0.22298,0.54542,0.18573,-0.79998,0.16750,
1403715352677143040,1.90404,-0.10322,0.23084,0.55069,0.19063,-0.79492,0.16885,
1403715352877143040,1.83594,-0.04685,0.23706,0.56420,0.19970,-0.78540,0.15793,
1403715353127142912,1.76285,0.00285,0.24705,0.56515,0.20116,-0.78402,0.15954,
1403715353467142912,1.69594,0.04345,0.31708,0.55908,0.21351,-0.78517,0.15921,
1403715353717143040,1.65815,0.06698,0.31268,0.55724,0.22325,-0.78383,0.15889,
140371535417143040,1.61183,0.07269,0.26556,0.55655,0.23115,-0.78145,0.16175,
1403715354267142912,1.57318,0.07146,0.21277,0.54183,0.22048,-0.78990,0.18401,
1403715354472143104,1.54712,0.08523,0.17740,0.54010,0.23150,-0.79080,0.17130,
1403715354677143040,1.53058,0.10512,0.15946,0.54148,0.23407,-0.78983,0.16787,
1403715354867142912,1.50973,0.13205,0.18401,0.54163,0.23257,-0.79003,0.16854,
140371535577143040,1.48793,0.16432,0.24223,0.54304,0.22928,-0.78779,0.17870,
1403715355352143104,1.47685,0.21524,0.30629,0.53519,0.26191,-0.78016,0.19057,
1403715355577143040,1.46472,0.25344,0.35368,0.52804,0.30222,-0.76216,0.22125,
1403715355872143104,1.45299,0.31632,0.39798,0.51640,0.34613,-0.74460,0.24310,
140371535682142976,1.44670,0.35183,0.42372,0.51581,0.35933,-0.74086,0.23652,
1403715356267142912,1.42678,0.38658,0.45153,0.52089,0.36076,-0.74128,0.22143,
1403715356442142976,1.39907,0.40198,0.46372,0.51688,0.35179,-0.75050,0.21406,
1403715356632143104,1.34839,0.41161,0.46829,0.50799,0.33557,-0.76029,0.22650,
1403715356842142976,1.27294,0.43617,0.47413,0.50224,0.34576,-0.75353,0.24575,
1403715357117143040,1.17333,0.48220,0.49208,0.48764,0.39007,-0.72698,0.28558,
1403715357327142912,1.09153,0.53321,0.52124,0.48355,0.42687,-0.70211,0.30167,
1403715357542142976,1.01755,0.59134,0.55251,0.48229,0.44501,-0.69183,0.30122,
1403715357682142976,0.96567,0.62426,0.56932,0.48282,0.45211,-0.68835,0.29777,
1403715357967142912,0.83892,0.68223,0.59495,0.49184,0.46296,-0.68001,0.28522,
1403715358177143040,0.73239,0.69619,0.59515,0.48498,0.46124,-0.68559,0.28639,
1403715358417143040,0.58032,0.69557,0.58649,0.47694,0.46128,-0.68952,0.29037,
1403715358667142912,0.40565,0.67215,0.56539,0.48275,0.47736,-0.66708,0.30674,
1403715358857143040,0.25764,0.64441,0.55477,0.47457,0.47622,-0.65722,0.34067,
140371535927142912,0.12154,0.62060,0.54275,0.46916,0.48023,-0.65095,0.35431,
1403715359132143104,0.04837,0.60793,0.53449,0.46547,0.48395,-0.64966,0.35645,
1403715359267142912,-0.03579,0.59148,0.52257,0.46831,0.48516,-0.64551,0.35864,
1403715359487142912,-0.13849,0.55625,0.51072,0.47706,0.49117,-0.64150,0.34589,
1403715359717143040,-0.23153,0.49781,0.50655,0.47940,0.48781,-0.64303,0.34457,
1403715359967142912,-0.30398,0.41817,0.51335,0.46685,0.48262,-0.65368,0.34904,
1403715360127142912,-0.33465,0.36306,0.52268,0.46239,0.48504,-0.65646,0.34640,
1403715360517143040,-0.41075,0.24039,0.54175,0.45589,0.45469,-0.67927,0.35215,
1403715360797143040,-0.44139,0.19651,0.56102,0.47998,0.41267,-0.70624,0.31710,
1403715360967142912,-0.45320,0.18865,0.57650,0.50153,0.38605,-0.72183,0.28000,
1403715361182142976,-0.46277,0.18668,0.59606,0.51842,0.34237,-0.74561,0.24102,
1403715361337143040,-0.46505,0.18326,0.61088,0.52878,0.31094,-0.76069,0.21226,
1403715361522142976,-0.47829,0.17573,0.62171,0.54044,0.27439,-0.77425,0.18215,
1403715361677143040,-0.49862,0.16681,0.62503,0.54478,0.25626,-0.78144,0.16401,
1403715361927142912,-0.54885,0.15926,0.61549,0.54038,0.22109,-0.79941,0.14161,
140371536292143104,-0.58685,0.15355,0.60181,0.54735,0.18897,-0.80619,0.12148,
1403715362297143040,-0.64682,0.16393,0.57996,0.55622,0.14404,-0.81414,0.08397,
1403715362427142912,-0.68719,0.16838,0.56373,0.56033,0.11102,-0.81863,0.05959,
1403715362722142976,-0.81113,0.19284,0.53016,0.56559,0.03297,-0.82398,0.00862,
1403715362922142976,-0.91467,0.22024,0.52060,0.57145,-0.03709,-0.81977,0.00723,
1403715363122142976,-1.00025,0.25640,0.51982,0.58110,-0.09409,-0.80837,0.00404,
1403715363322142976,-1.04668,0.27654,0.53087,0.57561,-0.12961,-0.80718,-0.01851,
1403715363577143040,-1.05223,0.27707,0.55543,0.57294,-0.16584,-0.80038,-0.06031,
1403715363767142912,-1.01862,0.26925,0.57760,0.56825,-0.18860,-0.79427,-0.10318,
1403715363922142976,-0.98634,0.25835,0.59646,0.56480,-0.21965,-0.78436,-0.13241,
1403715364122142976,-0.93979,0.23994,0.61456,0.55956,-0.26575,-0.76626,-0.17059,
1403715364277143040,-0.90243,0.21919,0.62667,0.55314,-0.29185,-0.75766,-0.18657,
1403715364617143040,-0.83922,0.15750,0.67287,0.54627,-0.31559,-0.75370,-0.18419,
1403715364877143040,-0.76556,0.09926,0.71844,0.53574,-0.31541,-0.75371,-0.21312,
140371536567142912,-0.71426,0.04503,0.75209,0.52139,-0.33004,-0.75183,-0.23232,
1403715365172143104,-0.68661,0.01975,0.77101,0.52019,-0.34067,-0.74441,-0.24331,
1403715365342142976,-0.64616,-0.01521,0.79664,0.51795,-0.35520,-0.73392,-0.25869,
1403715365522142976,-0.61863,-0.05047,0.81927,0.51482,-0.37646,-0.72120,-0.27039,
1403715365677143040,-0.60268,-0.08093,0.83742,0.51071,-0.40552,-0.70411,-0.28099,
1403715365837143040,-0.58453,-0.11244,0.85068,0.50352,-0.44033,-0.68338,-0.29252,
1403715366122142976,-0.56542,-0.18650,0.86910,0.49580,-0.48160,-0.65621,-0.30272,
1403715366297143040,-0.56646,-0.25280,0.87875,0.49384,-0.48844,-0.64978,-0.30875,
1403715366492143104,-0.56558,-0.34175,0.88350,0.48282,-0.48366,-0.65644,-0.31944,
1403715366667142912,-0.56438,-0.43443,0.88802,0.47279,-0.47846,-0.66595,-0.32257,
1403715366812143104,-0.55520,-0.51284,0.88887,0.46633,-0.47653,-0.67374,-0.31863,
1403715366967142912,-0.54098,-0.59098,0.89016,0.46387,-0.47579,-0.67901,-0.31207,
1403715367142142976,-0.50431,-0.67950,0.90974,0.46567,-0.47531,-0.68134,-0.30496,
1403715367317143040,-0.47102,-0.75793,0.92143,0.46779,-0.47401,-0.68348,-0.29891,
1403715367527142912,-0.40885,-0.84796,0.93147,0.46750,-0.47316,-0.68708,-0.29238,
1403715367772143104,-0.30660,-0.95378,0.94837,0.47091,-0.46833,-0.68851,-0.29130,
1403715367957143040,-0.20718,-1.02698,0.96224,0.47546,-0.46013,-0.68689,-0.30068,
1403715368122142976,-0.10925,-1.09508,0.97538,0.48456,-0.45803,-0.67988,-0.30524,
1403715368302142976,-0.00920,-1.17619,0.97993,0.49022,-0.46251,-0.67455,-0.30124,
1403715368432143104,0.06364,-1.23896,0.97600,0.49669,-0.46800,-0.66883,-0.29484,
1403715368582142976,0.14736,-1.31182,0.97781,0.49874,-0.46728,-0.66573,-0.29952,
1403715368737143040,0.23311,-1.40781,0.97568,0.49059,-0.46175,-0.66998,-0.31183,
1403715368892143104,0.30464,-1.50263,0.97158,0.48477,-0.46044,-0.67270,-0.31696,
1403715369132143104,0.42010,-1.64748,0.96859,0.48160,-0.44979,-0.68914,-0.30139,
1403715369372143104,0.53867,-1.78228,0.96827,0.49072,-0.41201,-0.71649,-0.27582,
1403715369522142976,0.61027,-1.85419,0.96886,0.49936,-0.38240,-0.73436,-0.25519,
1403715369732143104,0.71822,-1.96290,0.97194,0.51167,-0.34022,-0.75527,-0.22807,
140371537017143040,0.87542,-2.07666,0.96802,0.50824,-0.30856,-0.77397,-0.21784,
1403715370272143104,1.01574,-2.13424,0.95742,0.51874,-0.30252,-0.76864,-0.22042,
1403715370477143040,1.13279,-2.17518,0.95312,0.53191,-0.31582,-0.75742,-0.20893,
1403715370667142912,1.21167,-2.18128,0.94726,0.53417,-0.32377,-0.75304,-0.20679,
1403715370827142912,1.30508,-2.20984,0.94474,0.53049,-0.32245,-0.75432,-0.21354,
140371537172143104,1.42344,-2.23558,0.93849,0.51137,-0.32740,-0.76512,-0.21425,
1403715371222142976,1.49527,-2.23569,0.93100,0.49596,-0.33089,-0.77436,-0.21188,
1403715371522142976,1.68861,-2.21712,0.91077,0.50813,-0.33096,-0.76662,-0.21111,
1403715371722142976,1.83672,-2.19077,0.90090,0.53170,-0.33579,-0.75119,-0.20063,
1403715371922142976,1.98988,-2.16455,0.88770,0.52952,-0.33013,-0.75439,-0.20374,
140371537292143104,2.13204,-2.15359,0.87524,0.52579,-0.32213,-0.75849,-0.21089,
1403715372242142976,2.24856,-2.13451,0.86805,0.53027,-0.31768,-0.75808,-0.20787,
1403715372417143040,2.39213,-2.12186,0.87057,0.53629,-0.29924,-0.76349,-0.19983,
1403715372767142912,2.65647,-2.07067,0.90546,0.54491,-0.27021,-0.77170,-0.18587,
1403715372942142976,2.78935,-2.05062,0.92098,0.54751,-0.26880,-0.77193,-0.17918,
140371537382142976,2.90914,-2.04222,0.93136,0.54931,-0.27083,-0.77113,-0.17397,
1403715373182142976,2.97655,-2.02866,0.93695,0.54986,-0.27247,-0.77054,-0.17231,
1403715373332143104,3.06986,-2.01211,0.94319,0.54884,-0.27173,-0.77035,-0.17747,
1403715373577143040,3.23640,-1.99648,0.95994,0.54797,-0.26535,-0.77155,-0.18449,
1403715373827142912,3.38292,-1.97014,0.96626,0.55057,-0.22546,-0.78374,-0.17830,
1403715373982142976,3.46293,-1.94607,0.97021,0.55764,-0.19761,-0.79186,-0.15147,
1403715374132143104,3.52425,-1.92032,0.97048,0.56433,-0.16523,-0.79933,-0.12375,
1403715374372143104,3.61612,-1.88033,0.96851,0.56816,-0.11075,-0.81130,-0.08198,
1403715374627142912,3.71658,-1.83063,0.98104,0.55485,-0.07834,-0.82611,-0.05946,
1403715374917143040,3.80519,-1.73908,0.98807,0.55069,-0.07200,-0.82948,-0.05940,
140371537567142912,3.84653,-1.67364,0.99022,0.55987,-0.07252,-0.82280,-0.06554,
1403715375317143040,3.87996,-1.54913,0.98710,0.56501,-0.08282,-0.81778,-0.07167,
1403715375422142976,3.88299,-1.49721,0.98465,0.56489,-0.08888,-0.81712,-0.07284,
1403715375722142976,3.88877,-1.33613,0.97594,0.56556,-0.10415,-0.81471,-0.07440,
1403715375967142912,3.88013,-1.20295,0.95945,0.57017,-0.10434,-0.81069,-0.08244,
1403715376172143104,3.87523,-1.09288,0.94135,0.57406,-0.10666,-0.80813,-0.07752,
1403715376327142912,3.85933,-1.02297,0.92579,0.58293,-0.10789,-0.80210,-0.07205,
1403715376527142912,3.83532,-0.93441,0.90569,0.58804,-0.09861,-0.79874,-0.08059,
1403715376677143040,3.82021,-0.87224,0.89025,0.57745,-0.09416,-0.80693,-0.08099,
1403715376867142912,3.77455,-0.81121,0.87044,0.58161,-0.08873,-0.80470,-0.07946,
140371537777143040,3.71279,-0.76342,0.85028,0.59656,-0.08168,-0.79486,-0.07512,
1403715377237143040,3.65221,-0.73969,0.83341,0.58450,-0.07542,-0.80443,-0.07463,
1403715377417143040,3.57484,-0.71499,0.82178,0.58433,-0.07359,-0.80533,-0.06775,
1403715377622142976,3.46898,-0.71404,0.80215,0.58640,-0.07166,-0.80435,-0.06340,
1403715377787142912,3.38142,-0.71392,0.78972,0.58164,-0.07200,-0.80790,-0.06173,
140371537827142912,3.23927,-0.73488,0.76923,0.58083,-0.07424,-0.80861,-0.05727,
1403715378322142976,3.05332,-0.76154,0.73963,0.57986,-0.08503,-0.80937,-0.03807,
1403715378617143040,2.90328,-0.80780,0.71894,0.56487,-0.08224,-0.81998,-0.04229,
1403715378872143104,2.78017,-0.83718,0.70527,0.55299,-0.08033,-0.82810,-0.04482,
1403715379172143104,2.66512,-0.84007,0.71973,0.55518,-0.07663,-0.82663,-0.05089,
1403715379472143104,2.55286,-0.81425,0.73775,0.55760,-0.06637,-0.82474,-0.06702,
1403715379717143040,2.44587,-0.77177,0.76084,0.55220,-0.06483,-0.82823,-0.07006,
1403715379872143104,2.37084,-0.72888,0.77759,0.55847,-0.06235,-0.82397,-0.07280,
1403715379977143040,2.30251,-0.69441,0.78543,0.56506,-0.06096,-0.81938,-0.07487,
1403715380217143040,2.14309,-0.61708,0.80132,0.57456,-0.07067,-0.81296,-0.06318,
1403715380472143104,1.97012,-0.54149,0.81596,0.57132,-0.07759,-0.81499,-0.05800,
1403715380767142912,1.77786,-0.46087,0.83488,0.57214,-0.07269,-0.81465,-0.06101,
1403715380947142912,1.65034,-0.42888,0.84489,0.57449,-0.07051,-0.81309,-0.06221,
1403715381172143104,1.48159,-0.37752,0.85781,0.57590,-0.07426,-0.81184,-0.06121,
1403715381387142912,1.32846,-0.33666,0.86423,0.57879,-0.08441,-0.80912,-0.05650,
1403715381717143040,1.10400,-0.30401,0.85765,0.57551,-0.08625,-0.81027,-0.06940,
1403715381917143040,0.95550,-0.29569,0.84944,0.55830,-0.08550,-0.82166,-0.07661,
1403715382117143040,0.82481,-0.27474,0.83306,0.54950,-0.10795,-0.82358,-0.09004,
1403715382367142912,0.65506,-0.23433,0.82627,0.54728,-0.15698,-0.81428,-0.11309,
1403715382562142976,0.52373,-0.18631,0.82382,0.54428,-0.19276,-0.80545,-0.13361,
1403715382817143040,0.36362,-0.09667,0.81920,0.53666,-0.23208,-0.79595,-0.15684,
140371538322142976,0.24592,-0.01651,0.81773,0.52913,-0.26353,-0.78735,-0.17508,
1403715383272143104,0.12052,0.09956,0.80560,0.52304,-0.28940,-0.78155,-0.17847,
1403715383567142912,0.01197,0.25394,0.78804,0.53009,-0.29917,-0.77248,-0.18103,
1403715383722142976,-0.01406,0.33421,0.77602,0.53213,-0.31161,-0.76254,-0.19562,
1403715383917143040,-0.03490,0.43751,0.76456,0.52474,-0.34514,-0.74637,-0.22014,
1403715384117143040,-0.06520,0.52224,0.75105,0.51038,-0.38849,-0.72460,-0.25208,
1403715384272143104,-0.08071,0.57962,0.74142,0.49931,-0.42273,-0.70507,-0.27362,
1403715384472143104,-0.08789,0.64734,0.73523,0.48481,-0.46513,-0.67808,-0.29803,
1403715384632143104,-0.09142,0.69317,0.73102,0.46820,-0.49799,-0.65931,-0.31321,
1403715384872143104,-0.07350,0.74238,0.73434,0.44228,-0.53958,-0.63218,-0.33704,
140371538597143040,-0.03668,0.77648,0.74531,0.43100,-0.55687,-0.61279,-0.35864,
1403715385277143040,-0.00314,0.79732,0.75513,0.41815,-0.56468,-0.60352,-0.37690,
1403715385417143040,0.03372,0.81056,0.76222,0.41270,-0.57029,-0.59884,-0.38189,
1403715385627142912,0.09939,0.81985,0.77632,0.42454,-0.57780,-0.58702,-0.37592,
1403715385782142976,0.14680,0.82469,0.79042,0.43271,-0.58068,-0.58275,-0.36875,
140371538667142912,0.24283,0.79433,0.83120,0.43709,-0.56455,-0.58306,-0.38765,
1403715386327142912,0.31191,0.73931,0.85481,0.42907,-0.56244,-0.58776,-0.39255,
1403715386542142976,0.35701,0.69226,0.86773,0.43593,-0.56188,-0.58113,-0.39566,
1403715386777143040,0.37753,0.63069,0.86508,0.44573,-0.56905,-0.57378,-0.38508,
140371538767142912,0.37678,0.50645,0.84508,0.44417,-0.58458,-0.57594,-0.35954,
1403715387242142976,0.38024,0.40545,0.82912,0.43404,-0.57644,-0.58521,-0.36994,
1403715387477143040,0.38891,0.24309,0.80517,0.42858,-0.56781,-0.59295,-0.37725,
1403715387677143040,0.39626,0.10392,0.79622,0.42149,-0.56996,-0.60138,-0.36855,
1403715387782142976,0.40285,0.02619,0.80936,0.41941,-0.56980,-0.60567,-0.36412,
140371538822142976,0.43689,-0.15139,0.84938,0.42124,-0.56734,-0.61038,-0.35795,
1403715388177143040,0.46465,-0.27062,0.83810,0.42432,-0.56286,-0.61095,-0.36040,
1403715388377143040,0.51598,-0.42680,0.79456,0.43026,-0.55441,-0.60964,-0.36857,
1403715388567142912,0.57651,-0.58065,0.74841,0.43194,-0.55151,-0.60954,-0.37111,
1403715388737143040,0.62655,-0.70305,0.70600,0.43322,-0.54980,-0.60911,-0.37286,
1403715388847142912,0.65984,-0.78570,0.68211,0.43380,-0.54885,-0.60948,-0.37299,
140371538927142912,0.71383,-0.91317,0.66111,0.43428,-0.54398,-0.61139,-0.37643,
1403715389282142976,0.79802,-1.09058,0.68755,0.43239,-0.53731,-0.61632,-0.38011,
1403715389472143104,0.85685,-1.21470,0.70496,0.43074,-0.53346,-0.61997,-0.38146,
1403715389687142912,0.91938,-1.35108,0.71723,0.43874,-0.53316,-0.61973,-0.37307,
1403715389867142912,0.97183,-1.45036,0.72312,0.44873,-0.52223,-0.63042,-0.35845,
140371539027142912,1.01761,-1.53657,0.72228,0.45036,-0.50752,-0.65085,-0.34057,
1403715390172143104,1.06387,-1.60678,0.71438,0.45121,-0.48892,-0.67171,-0.32585,
1403715390332143104,1.12590,-1.68025,0.70602,0.45626,-0.46350,-0.69223,-0.31276,
1403715390532143104,1.21845,-1.75602,0.69171,0.46542,-0.42490,-0.71557,-0.30134,
1403715390687142912,1.29705,-1.79859,0.68065,0.47698,-0.39491,-0.72897,-0.29178,
1403715390887142912,1.39707,-1.83212,0.66768,0.49133,-0.37824,-0.74022,-0.26001,
140371539157143040,1.49088,-1.84658,0.65350,0.49551,-0.37166,-0.74632,-0.24359,
1403715391237143040,1.59735,-1.84231,0.63920,0.50590,-0.36212,-0.75049,-0.22292,
1403715391522142976,1.79973,-1.83644,0.62488,0.51538,-0.35135,-0.75183,-0.21376,
1403715391722142976,1.96668,-1.82923,0.62224,0.52242,-0.34601,-0.75236,-0.20325,
1403715391887142912,2.10813,-1.81574,0.64638,0.52652,-0.32476,-0.75934,-0.20177,
140371539232143104,2.24731,-1.80999,0.68303,0.52198,-0.30990,-0.76944,-0.19865,
1403715392267142912,2.47617,-1.78611,0.73692,0.52279,-0.29651,-0.77627,-0.19019,
1403715392567142912,2.76957,-1.72981,0.81061,0.56315,-0.24480,-0.76960,-0.17510,
1403715392837143040,3.00667,-1.69603,0.85384,0.56819,-0.19367,-0.78679,-0.14355,
140371539332143104,3.16323,-1.67315,0.87395,0.55987,-0.15426,-0.80585,-0.11555,
1403715393232143104,3.30872,-1.64515,0.88852,0.56353,-0.10255,-0.81449,-0.09232,
1403715393477143040,3.43566,-1.60857,0.89694,0.57593,-0.03253,-0.81461,-0.06052,
1403715393717143040,3.52348,-1.57099,0.89581,0.58066,0.02890,-0.81351,-0.01402,
1403715393947142912,3.56095,-1.54096,0.88972,0.56976,0.07751,-0.81708,0.04166,
1403715394142142976,3.58816,-1.51657,0.88432,0.56467,0.12282,-0.81201,0.08186,
1403715394327142912,3.59346,-1.50663,0.87573,0.56081,0.17269,-0.80140,0.11586,
1403715394517143040,3.60391,-1.49338,0.87546,0.56285,0.22758,-0.78101,0.14638,
1403715394767142912,3.59043,-1.50601,0.86642,0.54468,0.29354,-0.76050,0.19697,
1403715394952143104,3.58590,-1.52400,0.86492,0.52109,0.34688,-0.74378,0.23436,
140371539532143104,3.57822,-1.53354,0.86220,0.51146,0.37198,-0.73322,0.24985,
1403715395242142976,3.55595,-1.57086,0.85912,0.48569,0.43077,-0.70333,0.28961,
1403715395387142912,3.53169,-1.59682,0.85223,0.47146,0.46402,-0.68266,0.31047,
1403715395572143104,3.49873,-1.63569,0.83727,0.45144,0.49696,-0.66131,0.33453,
1403715395767142912,3.45855,-1.68074,0.80942,0.43662,0.52501,-0.63923,0.35372,
140371539627142912,3.39171,-1.73099,0.76594,0.41781,0.53866,-0.62653,0.37781,
1403715396137143040,3.35740,-1.74876,0.74856,0.41110,0.53392,-0.62832,0.38877,
1403715396322142976,3.29946,-1.76822,0.72397,0.41796,0.53253,-0.62567,0.38764,
1403715396472143104,3.25622,-1.77178,0.70864,0.43007,0.53820,-0.61916,0.37686,
1403715396727142912,3.18783,-1.79311,0.68205,0.43168,0.55185,-0.60342,0.38078,
140371539717143040,3.10913,-1.82290,0.63794,0.40601,0.57020,-0.60145,0.38507,
1403715397222142976,3.04309,-1.84224,0.59971,0.38771,0.57598,-0.60673,0.38705,
1403715397432143104,2.95326,-1.84907,0.56381,0.37421,0.56834,-0.61325,0.40109,
1403715397717143040,2.78977,-1.81373,0.52556,0.37959,0.56330,-0.60823,0.41068,
1403715397972143104,2.63251,-1.74700,0.51611,0.40257,0.55922,-0.59484,0.41398,
1403715398222142976,2.48906,-1.67326,0.50579,0.42635,0.55305,-0.58250,0.41599,
1403715398492143104,2.38229,-1.59529,0.47859,0.42709,0.55422,-0.58888,0.40453,
1403715398667142912,2.32324,-1.54904,0.46234,0.43690,0.55192,-0.58667,0.40039,
1403715398922142976,2.26191,-1.50925,0.44457,0.45932,0.55280,-0.57494,0.39100,
1403715399177143040,2.24868,-1.51803,0.43269,0.45224,0.55292,-0.57739,0.39545,
1403715399282142976,2.25584,-1.53008,0.42869,0.44825,0.55289,-0.57801,0.39911,
1403715399527142912,2.29794,-1.58827,0.42347,0.44125,0.56358,-0.58113,0.38726,
1403715399722142976,2.34563,-1.65320,0.41720,0.41773,0.56901,-0.59969,0.37697,
1403715399917143040,2.37849,-1.72830,0.41994,0.40956,0.56976,-0.60874,0.37022,
140371540057143040,2.39518,-1.78712,0.42938,0.41540,0.56552,-0.61315,0.36289,
1403715400277143040,2.39795,-1.89026,0.44783,0.43748,0.54776,-0.62511,0.34323,
1403715400517143040,2.37047,-2.02648,0.46438,0.45819,0.51313,-0.65363,0.31547,
1403715400647142912,2.34540,-2.11034,0.46847,0.46302,0.48332,-0.67795,0.30396,
1403715400872143104,2.27490,-2.26271,0.47003,0.47263,0.42335,-0.71965,0.28196,
140371540172143104,2.19947,-2.38516,0.46938,0.47167,0.38527,-0.74725,0.26591,
1403715401342142976,2.05979,-2.51674,0.48337,0.48026,0.37332,-0.75602,0.24170,
1403715401527142912,1.93519,-2.57922,0.49941,0.48902,0.36731,-0.75284,0.24326,
1403715401727142912,1.78838,-2.62413,0.52060,0.49987,0.34996,-0.74820,0.26050,
1403715401917143040,1.65478,-2.65110,0.54217,0.50940,0.33153,-0.74979,0.26155,
140371540267142912,1.55321,-2.66639,0.55506,0.51740,0.33657,-0.74676,0.24772,
1403715402232143104,1.44858,-2.67981,0.56209,0.53600,0.33363,-0.73439,0.24914,
1403715402527142912,1.29917,-2.70050,0.57346,0.55115,0.32182,-0.74082,0.20942,
1403715402817143040,1.15255,-2.75674,0.57421,0.55541,0.29647,-0.75098,0.19915,
14037154032142976,1.06104,-2.81795,0.56937,0.53590,0.27885,-0.76904,0.20890,
1403715403222142976,0.95255,-2.88687,0.57445,0.51096,0.27164,-0.78825,0.20924,
1403715403472143104,0.84002,-2.92480,0.58962,0.51616,0.27351,-0.78775,0.19552,
1403715403727142912,0.72225,-2.92041,0.59626,0.52227,0.24050,-0.79968,0.17294,
140371540422142976,0.58627,-2.84928,0.60878,0.52748,0.18031,-0.81816,0.14100,
1403715404322142976,0.43765,-2.73489,0.63208,0.55668,0.14135,-0.81419,0.08495,
1403715404672143104,0.24059,-2.59238,0.63779,0.56919,0.12163,-0.81041,0.06681,
1403715404777143040,0.16870,-2.54992,0.63578,0.57142,0.11415,-0.80928,0.07425,
1403715404942142976,0.05935,-2.48534,0.62599,0.57313,0.09800,-0.81010,0.07519,
1403715405227142912,-0.11287,-2.38315,0.60359,0.57727,0.03203,-0.81381,0.05869,
1403715405367142912,-0.17858,-2.34323,0.58945,0.57482,-0.00643,-0.81754,0.03409,
1403715405572143104,-0.25672,-2.29191,0.56898,0.56798,-0.06036,-0.82079,-0.00808,
1403715405767142912,-0.31791,-2.23567,0.54944,0.55633,-0.10177,-0.82278,-0.05627,
1403715405922142976,-0.36258,-2.18791,0.53615,0.54758,-0.13842,-0.82079,-0.08540,
1403715406142142976,-0.40997,-2.10709,0.51378,0.55256,-0.19452,-0.80070,-0.12538,
1403715406272143104,-0.44292,-2.05643,0.49543,0.55011,-0.22798,-0.78997,-0.14612,
1403715406372143104,-0.46230,-2.02080,0.47937,0.54468,-0.25398,-0.78334,-0.15876,
1403715406577143040,-0.49453,-1.94960,0.44057,0.53086,-0.30728,-0.76927,-0.17887,
1403715406817143040,-0.51380,-1.87248,0.38986,0.51932,-0.35582,-0.74696,-0.21391,
140371540732143104,-0.51539,-1.81198,0.35271,0.50533,-0.39434,-0.72603,-0.24904,
1403715407227142912,-0.50414,-1.75649,0.32452,0.48448,-0.42999,-0.71347,-0.26712,
1403715407397143040,-0.48129,-1.70687,0.30274,0.46540,-0.44741,-0.71294,-0.27376,
1403715407517143040,-0.45111,-1.66700,0.29634,0.46393,-0.45040,-0.70936,-0.28056,
1403715407727142912,-0.37265,-1.58402,0.29273,0.46838,-0.44187,-0.70485,-0.29757,
1403715407917143040,-0.29181,-1.50017,0.29499,0.47230,-0.43285,-0.70461,-0.30513,
140371540882142976,-0.21779,-1.42061,0.30800,0.47717,-0.43402,-0.70253,-0.30064,
1403715408297143040,-0.12121,-1.30958,0.37253,0.48431,-0.43380,-0.69970,-0.29611,
1403715408472143104,-0.04592,-1.21807,0.41141,0.49371,-0.42772,-0.69706,-0.29566,
1403715408677143040,0.03300,-1.11455,0.41281,0.51617,-0.40007,-0.69920,-0.29093,
1403715408867142912,0.09318,-1.02466,0.40642,0.53413,-0.36391,-0.71361,-0.27024,
1403715408972143104,0.12333,-0.98086,0.40634,0.54166,-0.34134,-0.72511,-0.25360,
1403715409172143104,0.15249,-0.90643,0.41345,0.55658,-0.29998,-0.74417,-0.21549,
1403715409417143040,0.18810,-0.84519,0.43995,0.56008,-0.27291,-0.76013,-0.18449,
1403715409592143104,0.20190,-0.81583,0.46776,0.55627,-0.26210,-0.76529,-0.19025,
1403715409727142912,0.21707,-0.79898,0.49460,0.54536,-0.26993,-0.77081,-0.18860,
1403715409842142976,0.22707,-0.78729,0.51759,0.53347,-0.27808,-0.77639,-0.18786,
140371541067142912,0.24614,-0.76366,0.56988,0.51671,-0.29298,-0.78200,-0.18882,
1403715410147142912,0.25697,-0.74795,0.59075,0.51970,-0.29378,-0.77850,-0.19377,
1403715410327142912,0.28418,-0.70700,0.61311,0.53131,-0.29339,-0.76859,-0.20223,
1403715410547142912,0.31480,-0.64924,0.60111,0.53136,-0.28727,-0.76799,-0.21290,
1403715410667142912,0.32863,-0.61638,0.59354,0.53106,-0.28374,-0.76894,-0.21494,
1403715410867142912,0.34942,-0.55721,0.58525,0.54903,-0.27850,-0.75887,-0.21241,
140371541122142976,0.35645,-0.51675,0.57903,0.55125,-0.27597,-0.76024,-0.20492,
1403715411217143040,0.34699,-0.47924,0.56550,0.54644,-0.27749,-0.76729,-0.18886,
1403715411377143040,0.33894,-0.45019,0.55915,0.55356,-0.27740,-0.76428,-0.18026,
1403715411522142976,0.33265,-0.43233,0.55397,0.56370,-0.27460,-0.75834,-0.17821,
1403715411692143104,0.31834,-0.42565,0.54410,0.55664,-0.26932,-0.76508,-0.17964,
1403715411867142912,0.31088,-0.42480,0.53801,0.55289,-0.26550,-0.76899,-0.18022,
140371541222142976,0.30074,-0.42741,0.52474,0.55300,-0.26564,-0.76932,-0.17824,
1403715412177143040,0.28928,-0.43666,0.51603,0.55028,-0.26645,-0.77120,-0.17734,
1403715412367142912,0.27183,-0.45241,0.50233,0.54692,-0.26698,-0.77328,-0.17789,
1403715412567142912,0.25507,-0.46582,0.49073,0.54229,-0.26948,-0.77611,-0.17595,
1403715412772143104,0.24366,-0.47787,0.48058,0.53749,-0.26899,-0.77933,-0.17721,
1403715412967142912,0.23605,-0.48608,0.47634,0.53647,-0.26904,-0.77976,-0.17832,
1403715413187142912,0.22376,-0.49103,0.45443,0.54149,-0.26706,-0.77592,-0.18279,
1403715413372143104,0.21238,-0.49089,0.40030,0.54662,-0.27099,-0.77213,-0.17774,
1403715413517143040,0.20419,-0.49406,0.36129,0.55007,-0.27511,-0.76951,-0.17206,
1403715413747142912,0.20069,-0.51144,0.32008,0.54901,-0.26954,-0.77015,-0.18111,
1403715413972143104,0.19107,-0.52949,0.26709,0.54632,-0.26616,-0.77175,-0.18737,
1403715414267142912,0.16944,-0.55235,0.24530,0.52984,-0.27096,-0.78269,-0.18237,
1403715414477143040,0.15851,-0.55045,0.26414,0.52151,-0.27167,-0.78796,-0.18261,
1403715414667142912,0.15169,-0.52727,0.25499,0.53267,-0.26911,-0.78031,-0.18696,
1403715414917143040,0.13351,-0.49028,0.22528,0.54706,-0.28360,-0.76853,-0.17223,
1403715415137143040,0.13543,-0.47516,0.17941,0.55330,-0.29731,-0.76123,-0.16120,
1403715415297143040,0.13745,-0.46733,0.14792,0.55244,-0.29764,-0.75996,-0.16934,
1403715415542142976,0.15630,-0.47689,0.12486,0.54063,-0.28195,-0.76576,-0.20451,
1403715415727142912,0.16075,-0.48065,0.10161,0.53851,-0.28193,-0.76563,-0.21058,
1403715415982142976,0.15457,-0.47575,0.10473,0.54065,-0.27962,-0.76427,-0.21306,
140371541687142912,0.15596,-0.47625,0.10765,0.53968,-0.27982,-0.76457,-0.21419,
1403715416322142976,0.15587,-0.47607,0.11015,0.53782,-0.28221,-0.76572,-0.21160,
1403715416627142912,0.15556,-0.47908,0.11282,0.53636,-0.28288,-0.76682,-0.21043,
1403715416817143040,0.15375,-0.48078,0.11521,0.53656,-0.28320,-0.76668,-0.21000,
140371541727142912,0.15174,-0.48135,0.11861,0.53606,-0.28339,-0.76709,-0.20952,
1403715417202142976,0.15053,-0.48082,0.12240,0.53580,-0.28361,-0.76727,-0.20925,
1403715417327142912,0.14963,-0.47984,0.12348,0.53565,-0.28361,-0.76735,-0.20930,
1403715417482142976,0.14906,-0.47838,0.12417,0.53559,-0.28376,-0.76735,-0.20926,
1403715417572143104,0.14912,-0.47718,0.12394,0.53557,-0.28379,-0.76732,-0.20938,
1403715417777143040,0.15035,-0.46763,0.12449,0.53525,-0.28392,-0.76741,-0.20969,
1403715417922142976,0.15205,-0.46276,0.12791,0.53505,-0.28401,-0.76752,-0.20970,
140371541857143040,0.15137,-0.46017,0.12920,0.53488,-0.28407,-0.76760,-0.20976,
1403715418187142912,0.15363,-0.45828,0.13032,0.53471,-0.28417,-0.76770,-0.20967,
1403715418422142976,0.15431,-0.45670,0.13376,0.53465,-0.28412,-0.76774,-0.20974,
1403715418592143104,0.15573,-0.46118,0.13126,0.53480,-0.28395,-0.76774,-0.20960,
1403715418777143040,0.15603,-0.46069,0.13423,0.53456,-0.28404,-0.76789,-0.20956,
